chaseEmR  ctx B B:bass:1483-1609 (bar 1–1)                       {'bass': {'rows': 0, 'gain': 0.0}} 0.1s
chaseEmR  ctx B B:bass:2136-2568 (bar 3–5)                       {'bass': {'rows': 6, 'gain': 9.847}} 0.1s
chaseEmR  ctx B B:bass:3361-3547 (bar 8–1′)                      {'bass': {'rows': 6, 'gain': 8.268}} 0.1s
chaseEmR  ctx B B:bass:3806-3806 (bar 2′–2′)                     {'bass': {'rows': 2, 'gain': 0.58}} 0.1s
chaseEmR  ctx B B:bass:4047-4483 (bar 3′–5′)                     {'bass': {'rows': 15, 'gain': 16.586}} 0.1s
chaseEmR  ctx B B:bass:4814-4909 (bar 6′–7′)                     {'bass': {'rows': 4, 'gain': 1.535}} 0.1s
chaseEmR  ctx B B:bass:5341-5878 (bar 8′–11)                     {'bass': {'rows': 17, 'gain': 349.545}} 0.1s
chaseEmR  ctx B B:bass:6079-6234 (bar 12–13)                     {'bass': {'rows': 6, 'gain': 47.967}} 0.1s
chaseEmR  ctx B B:bass:7256-7396 (bar 16–17)                     {'bass': {'rows': 0, 'gain': 0.0}} 0.1s
chaseEmR  ctx B B:bass:7939-8425 (bar 19–21)                     {'bass': {'rows': 11, 'gain': 30.955}} 0.1s
chaseEmR  ctx B B:bass:8553-8568 (bar 22–22)                     {'bass': {'rows': 3, 'gain': 0.434}} 0.1s
chaseEmR  ctx B B:bass:9198-9210 (bar 23–23)                     {'bass': {'rows': 2, 'gain': 0.12}} 0.1s
chaseEmR  ctx B B:bass:9420-9673 (bar 24–24)                     {'bass': {'rows': 6, 'gain': 6.922}} 0.1s
chaseEmR  ctx B B:soft:5316-5316 (bar 8′–8′)                     {'bass': {'rows': 12, 'gain': 100.772}, 'treble': {'rows': 12, 'gain': 65.544}} 0.1s
chaseEmR  ctx B B:soft:5771-5771 (bar 10–10)                     {'bass': {'rows': 20, 'gain': 5.966}, 'treble': {'rows': 8, 'gain': 1.155}} 0.1s
chaseEmR  ctx B B:treble:1709-1759 (bar 2–2)                     {'treble': {'rows': 7, 'gain': 15.069}} 0.1s
chaseEmR  ctx B B:treble:1932-2163 (bar 2–3)                     {'treble': {'rows': 9, 'gain': 0.336}} 0.1s
chaseEmR  ctx B B:treble:2569-2678 (bar 5–6)                     {'treble': {'rows': 8, 'gain': 22.409}} 0.1s
chaseEmR  ctx B B:treble:3926-4074 (bar 3′–3′)                   {'treble': {'rows': 8, 'gain': 1.137}} 0.1s
chaseEmR  ctx B B:treble:4580-4603 (bar 6′–6′)                   {'treble': {'rows': 1, 'gain': -0.125}} 0.1s
chaseEmR  ctx B B:treble:5535-5979 (bar 9–11)                    {'treble': {'rows': 18, 'gain': 33.107}} 0.1s
chaseEmR  ctx B B:treble:6182-6182 (bar 12–12)                   {'treble': {'rows': 3, 'gain': 2.6}} 0.1s
chaseEmR  ctx B B:treble:6339-6503 (bar 13–14)                   {'treble': {'rows': 11, 'gain': 16.533}} 0.1s
chaseEmR  ctx B B:treble:7431-7686 (bar 17–18)                   {'treble': {'rows': 18, 'gain': 394.791}} 0.1s
chaseEmR  ctx B B:treble:7952-8020 (bar 19–20)                   {'treble': {'rows': 5, 'gain': 3.483}} 0.1s
chaseEmR  ctx B B:treble:8438-8498 (bar 21–21)                   {'treble': {'rows': 7, 'gain': 45.62}} 0.1s
chaseEmR  ctx B B:treble:8753-9054 (bar 22–23)                   {'treble': {'rows': 4, 'gain': -0.389}} 0.1s
chaseEmR  ctx B B:treble:9213-9222 (bar 23–23)                   {'treble': {'rows': 2, 'gain': -0.396}} 0.1s
chaseEmR  ctx B C:bass:1433-1473 (bar upbeat–Auftakt)            {'bass': {'rows': 2, 'gain': 9.643}} 0.1s
chaseEmR  ctx B C:bass:1875-2077 (bar 2–3)                       {'bass': {'rows': 7, 'gain': 5.007}} 0.1s
chaseEmR  ctx B C:bass:2231-2475 (bar 4–5)                       {'bass': {'rows': 6, 'gain': -9.153}} 0.1s
chaseEmR  ctx B C:bass:2659-2671 (bar 6–6)                       {'bass': {'rows': 2, 'gain': 1.269}} 0.1s
chaseEmR  ctx B C:bass:2853-3109 (bar 6–8)                       {'bass': {'rows': 9, 'gain': 1.102}} 0.1s
chaseEmR  ctx B C:bass:3252-3263 (bar 8–8)                       {'bass': {'rows': 2, 'gain': -0.088}} 0.1s
chaseEmR  ctx B C:bass:3863-3938 (bar 2′–3′)                     {'bass': {'rows': 4, 'gain': 2.049}} 0.1s
chaseEmR  ctx B C:bass:4281-4286 (bar 4′–4′)                     {'bass': {'rows': 1, 'gain': -2.584}} 0.1s
chaseEmR  ctx B C:bass:5036-5175 (bar 7′–8′)                     {'bass': {'rows': 2, 'gain': -0.097}} 0.1s
chaseEmR  ctx B C:bass:6475-7227 (bar 14–16)                     {'bass': {'rows': 14, 'gain': 25.665}} 0.1s
chaseEmR  ctx B C:bass:7672-7880 (bar 18–19)                     {'bass': {'rows': 7, 'gain': 0.824}} 0.1s
chaseEmR  ctx B C:bass:8210-8216 (bar 20–20)                     {'bass': {'rows': 2, 'gain': 8.041}} 0.1s
chaseEmR  ctx B C:bass:8867-9156 (bar 22–23)                     {'bass': {'rows': 10, 'gain': 0.333}} 0.1s
chaseEmR  ctx B C:treble:1691-8037 (bar 2–20)                    {'treble': {'rows': 0, 'gain': 0.0}} 0.0s
chaseEmR  ctx B C:treble:2776-2892 (bar 6–7)                     {'treble': {'rows': 1, 'gain': -0.143}} 0.1s
chaseEmR  ctx B C:treble:3062-3076 (bar 7–7)                     {'treble': {'rows': 1, 'gain': -0.227}} 0.1s
chaseEmR  ctx B C:treble:3252-3270 (bar 8–8)                     {'treble': {'rows': 3, 'gain': -0.378}} 0.1s
chaseEmR  ctx B C:treble:3865-3888 (bar 2′–3′)                   {'treble': {'rows': 1, 'gain': 0.457}} 0.1s
chaseEmR  ctx B C:treble:4816-5253 (bar 6′–8′)                   {'treble': {'rows': 7, 'gain': 0.145}} 0.1s
chaseEmR  ctx B C:treble:5605-5605 (bar 10–10)                   {'treble': {'rows': 15, 'gain': -10.676}} 0.1s
chaseEmR  ctx B C:treble:6608-7072 (bar 14–16)                   {'treble': {'rows': 14, 'gain': 0.725}} 0.1s
chaseEmR  ctx B C:treble:7739-7843 (bar 18–19)                   {'treble': {'rows': 3, 'gain': 0.032}} 0.1s
chaseEmR  ctx B C:treble:8534-8605 (bar 22–22)                   {'treble': {'rows': 2, 'gain': -0.047}} 0.1s
chaseEmR  ctx B C:treble:8953-8968 (bar 23–23)                   {'treble': {'rows': 1, 'gain': -0.294}} 0.1s
chaseEmR  ctx B C:treble:9151-9163 (bar 23–23)                   {'treble': {'rows': 1, 'gain': -0.217}} 0.1s
chaseEmR  ctx B B1:bass:1419-1438 (bar upbeat–upbeat)            {'bass': {'rows': 1, 'gain': 6.424}} 0.1s
chaseEmR  ctx B B1:bass:7365-7365 (bar 17–17)                    {'bass': {'rows': 0, 'gain': 0.0}} 0.1s
chaseEmR  ctx B A1:bass:1737-1753 (bar 2–2)                      {'bass': {'rows': 1, 'gain': -1.729}} 0.1s
chaseEmR  ctx B A1:bass:2149-2275 (bar 3–4)                      {'bass': {'rows': 4, 'gain': -4.589}} 0.1s
chaseEmR  ctx B A1:bass:3796-3796 (bar 2′–2′)                    {'bass': {'rows': 2, 'gain': -2.087}} 0.1s
chaseEmR  ctx B A1:bass:4056-4067 (bar 3′–3′)                    {'bass': {'rows': 13, 'gain': -14.255}} 0.1s
chaseEmR  ctx B A1:bass:5363-5583 (bar 8′–9)                     {'bass': {'rows': 14, 'gain': -97.058}} 0.1s
chaseEmR  ctx B A1:bass:7924-8040 (bar 19–20)                    {'bass': {'rows': 12, 'gain': -27.441}} 0.1s
chaseEmR  ctx B A1:bass:8543-8628 (bar 22–22)                    {'bass': {'rows': 3, 'gain': -3.567}} 0.1s
chaseEmR  ctx B A1:soft:5507-5667 (bar 9–10)                     {'bass': {'rows': 2, 'gain': -15.975}, 'treble': {'rows': 5, 'gain': -38.039}} 0.1s
chaseEmR  ctx B A1:soft:6250-6250 (bar 13–13)                    {'bass': {'rows': 2, 'gain': -42.982}, 'treble': {'rows': 1, 'gain': -7.004}} 0.1s
chaseEmR  ctx B A1:treble:1964-2112 (bar 3–3)                    {'treble': {'rows': 7, 'gain': -5.986}} 0.1s
chaseEmR  ctx B A1:treble:2636-2685 (bar 6–6)                    {'treble': {'rows': 4, 'gain': -6.116}} 0.1s
chaseEmR  ctx B A1:treble:2864-2873 (bar 7–7)                    {'treble': {'rows': 2, 'gain': -1.192}} 0.1s
chaseEmR  ctx B A1:treble:4561-4645 (bar 6′–6′)                  {'treble': {'rows': 4, 'gain': -1.307}} 0.1s
chaseEmR  ctx B A1:treble:5547-5589 (bar 9–10)                   {'treble': {'rows': 15, 'gain': -19.383}} 0.1s
chaseEmR  ctx B A1:treble:5868-5892 (bar 11–11)                  {'treble': {'rows': 0, 'gain': 0.0}} 0.1s
chaseEmR  ctx B A1:treble:6216-6458 (bar 12–13)                  {'treble': {'rows': 0, 'gain': 0.0}} 0.1s
chaseEmR  ctx B A1:treble:7524-7568 (bar 18–18)                  {'treble': {'rows': 0, 'gain': 0.0}} 0.1s
chaseEmR  ctx B A1:treble:7993-7993 (bar 19–19)                  {'treble': {'rows': 0, 'gain': 0.0}} 0.1s
chaseEmR  ctx B A1:treble:8449-8550 (bar 21–22)                  {'treble': {'rows': 3, 'gain': -9.306}} 0.1s
chaseEmR  ctx B A1:treble:9085-9085 (bar 23–23)                  {'treble': {'rows': 1, 'gain': -0.915}} 0.1s
chaseEmR  ctx B A1:treble:10060-10060 (bar 24–24)                {'treble': {'rows': 0, 'gain': 0.0}} 0.1s
chaseEmR  ctx B D1:bass:1145-1243 (bar upbeat–upbeat)            {'bass': {'rows': 0, 'gain': 0.0}} 0.1s
chaseEmR  ctx B D1:soft:6338-6338 (bar 13–13)                    {'bass': {'rows': 0, 'gain': 0.0}, 'treble': {'rows': 0, 'gain': 0.0}} 0.0s
chaseEmR  ctx C B:bass:1483-1609 (bar 1–1)                       {'bass': {'rows': 0, 'gain': 0.0, 'design': "group changes no row of this file's model", 'verdict': 'no rows', 'precision_mm': 'best at -37 mm'}} 0.1s
chaseEmR  ctx C B:bass:2136-2568 (bar 3–5)                       {'bass': {'rows': 6, 'gain': 24.087, 'critical_has': -13.619, 'critical_lacks': 12.082, 'power_has': 1.0, 'power_lacks': 1.0, 'verdict': 'has', 'precision_mm': 1.3}} 0.1s
chaseEmR  ctx C B:bass:3361-3547 (bar 8–1′)                      {'bass': {'rows': 6, 'gain': 24.616, 'critical_has': -4.628, 'critical_lacks': 3.896, 'power_has': 0.97, 'power_lacks': 1.0, 'verdict': 'has', 'precision_mm': 4.0}} 0.1s
chaseEmR  ctx C B:bass:3806-3806 (bar 2′–2′)                     {'bass': {'rows': 2, 'gain': 2.982, 'critical_has': 1.651, 'critical_lacks': 0.687, 'power_has': 0.92, 'power_lacks': 0.92, 'verdict': 'has', 'precision_mm': 7.9}} 0.1s
chaseEmR  ctx C B:bass:4047-4483 (bar 3′–5′)                     {'bass': {'rows': 15, 'gain': 25.671, 'critical_has': -51.923, 'critical_lacks': 49.88, 'power_has': 1.0, 'power_lacks': 1.0, 'verdict': 'undecided', 'precision_mm': 2.6}} 0.1s
chaseEmR  ctx C B:bass:4814-4909 (bar 6′–7′)                     {'bass': {'rows': 4, 'gain': 7.251, 'critical_has': 6.916, 'critical_lacks': 4.246, 'power_has': 0.47, 'power_lacks': 0.92, 'verdict': 'has', 'precision_mm': 5.3}} 0.1s
chaseEmR  ctx C B:bass:5341-5878 (bar 8′–11)                     {'bass': {'rows': 17, 'gain': 814.926, 'critical_has': -661.45, 'critical_lacks': 768.733, 'power_has': 1.0, 'power_lacks': 1.0, 'verdict': 'has', 'precision_mm': 0.0}} 0.1s
chaseEmR  ctx C B:bass:6079-6234 (bar 12–13)                     {'bass': {'rows': 4, 'gain': 99.595, 'critical_has': -48.866, 'critical_lacks': 43.487, 'power_has': 1.0, 'power_lacks': 1.0, 'verdict': 'has', 'precision_mm': 0.0}} 0.1s
chaseEmR  ctx C B:bass:7256-7396 (bar 16–17)                     {'bass': {'rows': 0, 'gain': 0.0, 'design': "group changes no row of this file's model", 'verdict': 'no rows', 'precision_mm': 'best at -21 mm'}} 0.1s
chaseEmR  ctx C B:bass:7939-8425 (bar 19–21)                     {'bass': {'rows': 13, 'gain': 52.837, 'critical_has': -69.417, 'critical_lacks': 59.57, 'power_has': 1.0, 'power_lacks': 1.0, 'verdict': 'undecided', 'precision_mm': 0.0}} 0.1s
chaseEmR  ctx C B:bass:8553-8568 (bar 22–22)                     {'bass': {'rows': 3, 'gain': 3.285, 'critical_has': 5.514, 'critical_lacks': -5.887, 'power_has': 0.35, 'power_lacks': 0.47, 'verdict': 'undecided', 'precision_mm': 7.9}} 0.1s
chaseEmR  ctx C B:bass:9198-9210 (bar 23–23)                     {'bass': {'rows': 2, 'gain': 1.455, 'critical_has': -0.161, 'critical_lacks': -0.845, 'power_has': 0.88, 'power_lacks': 0.82, 'verdict': 'has', 'precision_mm': '>= 37'}} 0.1s
chaseEmR  ctx C B:bass:9420-9673 (bar 24–24)                     {'bass': {'rows': 6, 'gain': 20.264, 'critical_has': -4.684, 'critical_lacks': 2.626, 'power_has': 1.0, 'power_lacks': 1.0, 'verdict': 'has', 'precision_mm': 0.0}} 0.1s
chaseEmR  ctx C B:soft:5316-5316 (bar 8′–8′)                     {'bass': {'rows': 12, 'gain': 279.164, 'critical_has': -19.938, 'critical_lacks': 199.038, 'power_has': 1.0, 'power_lacks': 1.0, 'verdict': 'has', 'precision_mm': 10.5}, 'treble': {'rows': 12, 'gain': 69.623, 'critical_has': -14.361, 'critical_lacks': 59.23, 'power_has': 1.0, 'power_lacks': 1.0, 'verdict': 'has', 'precision_mm': 'best at -37 mm'}} 0.8s
chaseEmR  ctx C B:soft:5771-5771 (bar 10–10)                     {'bass': {'rows': 20, 'gain': 3.622, 'critical_has': -442.476, 'critical_lacks': 4.361, 'power_has': 1.0, 'power_lacks': 1.0, 'verdict': 'undecided', 'precision_mm': '>= 37'}, 'treble': {'rows': 8, 'gain': 21.335, 'critical_has': -12.875, 'critical_lacks': 12.067, 'power_has': 1.0, 'power_lacks': 1.0, 'verdict': 'has', 'precision_mm': 10.7}} 0.8s
chaseEmR  ctx C B:treble:1709-1759 (bar 2–2)                     {'treble': {'rows': 19, 'gain': 90.999, 'critical_has': -50.963, 'critical_lacks': 48.976, 'power_has': 1.0, 'power_lacks': 1.0, 'verdict': 'has', 'precision_mm': 13.2}} 0.1s
chaseEmR  ctx C B:treble:1932-2163 (bar 2–3)                     {'treble': {'rows': 12, 'gain': 0.791, 'critical_has': 1.27, 'critical_lacks': -1.6, 'power_has': 0.48, 'power_lacks': 0.55, 'verdict': 'undecided', 'precision_mm': '>= 37'}} 0.1s
chaseEmR  ctx C B:treble:2569-2678 (bar 5–6)                     {'treble': {'rows': 7, 'gain': 5.916, 'critical_has': 0.537, 'critical_lacks': -0.775, 'power_has': 0.8, 'power_lacks': 0.83, 'verdict': 'has', 'precision_mm': '>= 37'}} 0.1s
chaseEmR  ctx C B:treble:3926-4074 (bar 3′–3′)                   {'treble': {'rows': 9, 'gain': 1.753, 'critical_has': 1.544, 'critical_lacks': -0.689, 'power_has': 0.23, 'power_lacks': 0.52, 'verdict': 'has', 'precision_mm': 'best at -21 mm'}} 0.1s
chaseEmR  ctx C B:treble:4580-4603 (bar 6′–6′)                   {'treble': {'rows': 1, 'gain': -0.046, 'critical_has': 0.44, 'critical_lacks': -0.183, 'power_has': 0.1, 'power_lacks': 0.32, 'verdict': 'undecided', 'precision_mm': '>= 37'}} 0.1s
chaseEmR  ctx C B:treble:5535-5979 (bar 9–11)                    {'treble': {'rows': 18, 'gain': 37.651, 'critical_has': -15.375, 'critical_lacks': 28.35, 'power_has': 1.0, 'power_lacks': 1.0, 'verdict': 'has', 'precision_mm': 1.3}} 0.1s
chaseEmR  ctx C B:treble:6182-6182 (bar 12–12)                   {'treble': {'rows': 3, 'gain': 2.518, 'critical_has': 3.856, 'critical_lacks': -0.324, 'power_has': 0.3, 'power_lacks': 0.83, 'verdict': 'undecided', 'precision_mm': '>= 37'}} 0.1s
chaseEmR  ctx C B:treble:6339-6503 (bar 13–14)                   {'treble': {'rows': 19, 'gain': 21.871, 'critical_has': -3.802, 'critical_lacks': 4.036, 'power_has': 1.0, 'power_lacks': 0.98, 'verdict': 'has', 'precision_mm': 10.7}} 0.1s
chaseEmR  ctx C B:treble:7431-7686 (bar 17–18)                   {'treble': {'rows': 17, 'gain': 78.194, 'critical_has': -57.814, 'critical_lacks': 45.66, 'power_has': 1.0, 'power_lacks': 1.0, 'verdict': 'has', 'precision_mm': 15.9}} 0.1s
chaseEmR  ctx C B:treble:7952-8020 (bar 19–20)                   {'treble': {'rows': 5, 'gain': 5.298, 'critical_has': 0.749, 'critical_lacks': 1.264, 'power_has': 0.97, 'power_lacks': 0.95, 'verdict': 'has', 'precision_mm': 'best at -37 mm'}} 0.1s
chaseEmR  ctx C B:treble:8438-8498 (bar 21–21)                   {'treble': {'rows': 6, 'gain': 5.879, 'critical_has': -0.606, 'critical_lacks': -1.738, 'power_has': 0.9, 'power_lacks': 0.78, 'verdict': 'has', 'precision_mm': 13.2}} 0.1s
chaseEmR  ctx C B:treble:8753-9054 (bar 22–23)                   {'treble': {'rows': 4, 'gain': -0.084, 'critical_has': 0.937, 'critical_lacks': -1.45, 'power_has': 0.13, 'power_lacks': 0.02, 'verdict': 'undecided', 'precision_mm': '>= 37'}} 0.1s
chaseEmR  ctx C B:treble:9213-9222 (bar 23–23)                   {'treble': {'rows': 2, 'gain': -0.256, 'critical_has': 0.829, 'critical_lacks': -0.346, 'power_has': 0.12, 'power_lacks': 0.17, 'verdict': 'undecided', 'precision_mm': 'best at -37 mm'}} 0.1s
chaseEmR  ctx C C:bass:1433-1473 (bar upbeat–Auftakt)            {'bass': {'rows': 2, 'gain': 20.507, 'critical_has': -3.3, 'critical_lacks': 7.667, 'power_has': 0.98, 'power_lacks': 1.0, 'verdict': 'has', 'precision_mm': 0.0}} 0.1s
chaseEmR  ctx C C:bass:1875-2077 (bar 2–3)                       {'bass': {'rows': 7, 'gain': 15.285, 'critical_has': -7.415, 'critical_lacks': 4.304, 'power_has': 0.98, 'power_lacks': 1.0, 'verdict': 'has', 'precision_mm': 2.6}} 0.1s
chaseEmR  ctx C C:bass:2231-2475 (bar 4–5)                       {'bass': {'rows': 6, 'gain': -7.84, 'critical_has': -9.699, 'critical_lacks': 7.945, 'power_has': 1.0, 'power_lacks': 1.0, 'verdict': 'undecided', 'precision_mm': 0.0}} 0.1s
chaseEmR  ctx C C:bass:2659-2671 (bar 6–6)                       {'bass': {'rows': 2, 'gain': 3.917, 'critical_has': 3.297, 'critical_lacks': 1.287, 'power_has': 0.22, 'power_lacks': 0.92, 'verdict': 'has', 'precision_mm': 8.0}} 0.1s
chaseEmR  ctx C C:bass:2853-3109 (bar 6–8)                       {'bass': {'rows': 9, 'gain': 6.687, 'critical_has': -0.975, 'critical_lacks': -0.744, 'power_has': 0.97, 'power_lacks': 0.95, 'verdict': 'has', 'precision_mm': 4.0}} 0.1s
chaseEmR  ctx C C:bass:3252-3263 (bar 8–8)                       {'bass': {'rows': 2, 'gain': 1.562, 'critical_has': 1.936, 'critical_lacks': 0.026, 'power_has': 0.68, 'power_lacks': 0.87, 'verdict': 'undecided', 'precision_mm': 18.5}} 0.1s
chaseEmR  ctx C C:bass:3863-3938 (bar 2′–3′)                     {'bass': {'rows': 4, 'gain': 8.305, 'critical_has': -1.288, 'critical_lacks': 2.197, 'power_has': 0.97, 'power_lacks': 0.98, 'verdict': 'has', 'precision_mm': 5.3}} 0.1s
chaseEmR  ctx C C:bass:4281-4286 (bar 4′–4′)                     {'bass': {'rows': 1, 'gain': -7.846, 'critical_has': -2.245, 'critical_lacks': 2.726, 'power_has': 1.0, 'power_lacks': 1.0, 'verdict': 'lacks', 'precision_mm': 0.0}} 0.1s
chaseEmR  ctx C C:bass:5036-5175 (bar 7′–8′)                     {'bass': {'rows': 2, 'gain': 1.321, 'critical_has': 1.495, 'critical_lacks': 0.363, 'power_has': 0.77, 'power_lacks': 0.92, 'verdict': 'undecided', 'precision_mm': '>= 37'}} 0.1s
chaseEmR  ctx C C:bass:6475-7227 (bar 14–16)                     {'bass': {'rows': 14, 'gain': 52.926, 'critical_has': -39.555, 'critical_lacks': 20.681, 'power_has': 1.0, 'power_lacks': 1.0, 'verdict': 'has', 'precision_mm': 1.3}} 0.1s
chaseEmR  ctx C C:bass:7672-7880 (bar 18–19)                     {'bass': {'rows': 7, 'gain': 5.732, 'critical_has': 0.44, 'critical_lacks': 0.099, 'power_has': 0.93, 'power_lacks': 0.92, 'verdict': 'has', 'precision_mm': 5.3}} 0.1s
chaseEmR  ctx C C:bass:8210-8216 (bar 20–20)                     {'bass': {'rows': 2, 'gain': 15.633, 'critical_has': -5.563, 'critical_lacks': 6.369, 'power_has': 0.98, 'power_lacks': 1.0, 'verdict': 'has', 'precision_mm': 0.0}} 0.1s
chaseEmR  ctx C C:bass:8867-9156 (bar 22–23)                     {'bass': {'rows': 10, 'gain': 6.646, 'critical_has': 2.203, 'critical_lacks': 0.03, 'power_has': 0.85, 'power_lacks': 0.93, 'verdict': 'has', 'precision_mm': 4.0}} 0.1s
chaseEmR  ctx C C:treble:1691-8037 (bar 2–20)                    {'treble': {'rows': 0, 'gain': 0.0, 'design': "group changes no row of this file's model", 'verdict': 'no rows', 'precision_mm': None}} 0.0s
chaseEmR  ctx C C:treble:2776-2892 (bar 6–7)                     {'treble': {'rows': 1, 'gain': -0.066, 'critical_has': 0.34, 'critical_lacks': -0.492, 'power_has': 0.12, 'power_lacks': 0.03, 'verdict': 'undecided', 'precision_mm': 'best at -37 mm'}} 0.1s
chaseEmR  ctx C C:treble:3062-3076 (bar 7–7)                     {'treble': {'rows': 1, 'gain': -0.106, 'critical_has': 0.823, 'critical_lacks': -0.371, 'power_has': 0.03, 'power_lacks': 0.13, 'verdict': 'undecided', 'precision_mm': '>= 37'}} 0.1s
chaseEmR  ctx C C:treble:3252-3270 (bar 8–8)                     {'treble': {'rows': 3, 'gain': -0.058, 'critical_has': 1.679, 'critical_lacks': -0.712, 'power_has': 0.17, 'power_lacks': 0.22, 'verdict': 'undecided', 'precision_mm': '>= 37'}} 0.1s
chaseEmR  ctx C C:treble:3865-3888 (bar 2′–3′)                   {'treble': {'rows': 2, 'gain': 0.635, 'critical_has': 1.341, 'critical_lacks': -1.022, 'power_has': 0.1, 'power_lacks': 0.32, 'verdict': 'undecided', 'precision_mm': '>= 37'}} 0.1s
chaseEmR  ctx C C:treble:4816-5253 (bar 6′–8′)                   {'treble': {'rows': 10, 'gain': 0.627, 'critical_has': 0.62, 'critical_lacks': -0.789, 'power_has': 0.52, 'power_lacks': 0.63, 'verdict': 'has', 'precision_mm': 15.9}} 0.1s
chaseEmR  ctx C C:treble:5605-5605 (bar 10–10)                   {'treble': {'rows': 14, 'gain': 0.021, 'critical_has': 2.068, 'critical_lacks': -2.508, 'power_has': 0.18, 'power_lacks': 0.1, 'verdict': 'undecided', 'precision_mm': '>= 37'}} 0.1s
chaseEmR  ctx C C:treble:6608-7072 (bar 14–16)                   {'treble': {'rows': 17, 'gain': 0.637, 'critical_has': 1.24, 'critical_lacks': -1.459, 'power_has': 0.78, 'power_lacks': 0.73, 'verdict': 'undecided', 'precision_mm': 10.6}} 0.1s
chaseEmR  ctx C C:treble:7739-7843 (bar 18–19)                   {'treble': {'rows': 11, 'gain': 0.82, 'critical_has': 1.302, 'critical_lacks': -0.797, 'power_has': 0.18, 'power_lacks': 0.42, 'verdict': 'undecided', 'precision_mm': 18.6}} 0.1s
chaseEmR  ctx C C:treble:8534-8605 (bar 22–22)                   {'treble': {'rows': 2, 'gain': 0.096, 'critical_has': 0.97, 'critical_lacks': -0.489, 'power_has': 0.15, 'power_lacks': 0.3, 'verdict': 'undecided', 'precision_mm': 21.2}} 0.1s
chaseEmR  ctx C C:treble:8953-8968 (bar 23–23)                   {'treble': {'rows': 1, 'gain': -0.156, 'critical_has': 0.434, 'critical_lacks': -0.307, 'power_has': 0.17, 'power_lacks': 0.4, 'verdict': 'undecided', 'precision_mm': 'best at +37 mm'}} 0.1s
chaseEmR  ctx C C:treble:9151-9163 (bar 23–23)                   {'treble': {'rows': 1, 'gain': -0.108, 'critical_has': 0.267, 'critical_lacks': -0.364, 'power_has': 0.2, 'power_lacks': 0.15, 'verdict': 'undecided', 'precision_mm': 'best at -37 mm'}} 0.1s
chaseEmR  ctx C B1:bass:1419-1438 (bar upbeat–upbeat)            {'bass': {'rows': 2, 'gain': -0.668, 'critical_has': -0.654, 'critical_lacks': 3.48, 'power_has': 0.98, 'power_lacks': 0.97, 'verdict': 'lacks', 'precision_mm': '>= 37'}} 0.1s
chaseEmR  ctx C B1:bass:7365-7365 (bar 17–17)                    {'bass': {'rows': 0, 'gain': 0.0, 'design': "group changes no row of this file's model", 'verdict': 'no rows', 'precision_mm': 'best at -37 mm'}} 0.1s
chaseEmR  ctx C A1:bass:1737-1753 (bar 2–2)                      {'bass': {'rows': 1, 'gain': -2.855, 'critical_has': -0.144, 'critical_lacks': 0.558, 'power_has': 0.97, 'power_lacks': 0.95, 'verdict': 'lacks', 'precision_mm': 'best at -37 mm'}} 0.1s
chaseEmR  ctx C A1:bass:2149-2275 (bar 3–4)                      {'bass': {'rows': 4, 'gain': -7.414, 'critical_has': -1.698, 'critical_lacks': 0.161, 'power_has': 0.97, 'power_lacks': 0.98, 'verdict': 'lacks', 'precision_mm': 0.0}} 0.1s
chaseEmR  ctx C A1:bass:3796-3796 (bar 2′–2′)                    {'bass': {'rows': 4, 'gain': -4.524, 'critical_has': 0.483, 'critical_lacks': -0.809, 'power_has': 0.92, 'power_lacks': 0.92, 'verdict': 'lacks', 'precision_mm': 7.9}} 0.1s
chaseEmR  ctx C A1:bass:4056-4067 (bar 3′–3′)                    {'bass': {'rows': 4, 'gain': 0.249, 'critical_has': -19.766, 'critical_lacks': 25.735, 'power_has': 1.0, 'power_lacks': 1.0, 'verdict': 'undecided', 'precision_mm': 0.0}} 0.1s
chaseEmR  ctx C A1:bass:5363-5583 (bar 8′–9)                     {'bass': {'rows': 14, 'gain': -180.018, 'critical_has': -140.052, 'critical_lacks': 114.153, 'power_has': 1.0, 'power_lacks': 1.0, 'verdict': 'lacks', 'precision_mm': 0.0}} 0.1s
chaseEmR  ctx C A1:bass:7924-8040 (bar 19–20)                    {'bass': {'rows': 14, 'gain': -53.59, 'critical_has': -72.536, 'critical_lacks': 77.603, 'power_has': 1.0, 'power_lacks': 1.0, 'verdict': 'undecided', 'precision_mm': 0.0}} 0.1s
chaseEmR  ctx C A1:bass:8543-8628 (bar 22–22)                    {'bass': {'rows': 3, 'gain': -6.714, 'critical_has': -1.793, 'critical_lacks': -2.351, 'power_has': 0.92, 'power_lacks': 0.9, 'verdict': 'lacks', 'precision_mm': '>= 37'}} 0.1s
chaseEmR  ctx C A1:soft:5507-5667 (bar 9–10)                     {'bass': {'rows': 2, 'gain': -38.438, 'critical_has': -22.036, 'critical_lacks': 1.925, 'power_has': 1.0, 'power_lacks': 1.0, 'verdict': 'lacks', 'precision_mm': 5.3}, 'treble': {'rows': 5, 'gain': -34.603, 'critical_has': -17.133, 'critical_lacks': 5.837, 'power_has': 1.0, 'power_lacks': 1.0, 'verdict': 'lacks', 'precision_mm': 'best at -21 mm'}} 0.9s
chaseEmR  ctx C A1:soft:6250-6250 (bar 13–13)                    {'bass': {'rows': 2, 'gain': -97.618, 'critical_has': -38.51, 'critical_lacks': 0.0, 'power_has': 1.0, 'power_lacks': 1.0, 'verdict': 'lacks', 'precision_mm': '>= 37'}, 'treble': {'rows': 1, 'gain': -5.152, 'critical_has': -7.739, 'critical_lacks': -2.025, 'power_has': 1.0, 'power_lacks': 1.0, 'verdict': 'undecided', 'precision_mm': '>= 37'}} 0.9s
chaseEmR  ctx C A1:treble:1964-2112 (bar 3–3)                    {'treble': {'rows': 13, 'gain': -11.575, 'critical_has': 0.009, 'critical_lacks': 0.044, 'power_has': 0.95, 'power_lacks': 0.95, 'verdict': 'lacks', 'precision_mm': 'best at +37 mm'}} 0.1s
chaseEmR  ctx C A1:treble:2636-2685 (bar 6–6)                    {'treble': {'rows': 9, 'gain': -12.665, 'critical_has': -1.259, 'critical_lacks': 2.6, 'power_has': 0.98, 'power_lacks': 0.97, 'verdict': 'lacks', 'precision_mm': 'best at +21 mm'}} 0.1s
chaseEmR  ctx C A1:treble:2864-2873 (bar 7–7)                    {'treble': {'rows': 11, 'gain': -14.437, 'critical_has': -1.805, 'critical_lacks': 4.241, 'power_has': 0.98, 'power_lacks': 1.0, 'verdict': 'lacks', 'precision_mm': 'best at -21 mm'}} 0.1s
chaseEmR  ctx C A1:treble:4561-4645 (bar 6′–6′)                  {'treble': {'rows': 6, 'gain': -1.13, 'critical_has': 2.02, 'critical_lacks': -0.997, 'power_has': 0.2, 'power_lacks': 0.57, 'verdict': 'lacks', 'precision_mm': 'best at -37 mm'}} 0.1s
chaseEmR  ctx C A1:treble:5547-5589 (bar 9–10)                   {'treble': {'rows': 15, 'gain': -2.607, 'critical_has': 2.319, 'critical_lacks': -3.842, 'power_has': 0.32, 'power_lacks': 0.03, 'verdict': 'undecided', 'precision_mm': 'best at -21 mm'}} 0.1s
chaseEmR  ctx C A1:treble:5868-5892 (bar 11–11)                  {'treble': {'rows': 0, 'gain': 0.0, 'design': "group changes no row of this file's model", 'verdict': 'no rows', 'precision_mm': '>= 38'}} 0.1s
chaseEmR  ctx C A1:treble:6216-6458 (bar 12–13)                  {'treble': {'rows': 0, 'gain': 0.0, 'design': "group changes no row of this file's model", 'verdict': 'no rows', 'precision_mm': 13.2}} 0.1s
chaseEmR  ctx C A1:treble:7524-7568 (bar 18–18)                  {'treble': {'rows': 0, 'gain': 0.0, 'design': "group changes no row of this file's model", 'verdict': 'no rows', 'precision_mm': 'best at +21 mm'}} 0.1s
chaseEmR  ctx C A1:treble:7993-7993 (bar 19–19)                  {'treble': {'rows': 0, 'gain': 0.0, 'design': "group changes no row of this file's model", 'verdict': 'no rows', 'precision_mm': 'best at -37 mm'}} 0.1s
chaseEmR  ctx C A1:treble:8449-8550 (bar 21–22)                  {'treble': {'rows': 3, 'gain': -11.312, 'critical_has': -0.49, 'critical_lacks': -0.066, 'power_has': 0.97, 'power_lacks': 0.95, 'verdict': 'lacks', 'precision_mm': 'best at -21 mm'}} 0.1s
chaseEmR  ctx C A1:treble:9085-9085 (bar 23–23)                  {'treble': {'rows': 1, 'gain': -0.674, 'critical_has': 1.935, 'critical_lacks': -0.819, 'power_has': 0.02, 'power_lacks': 0.13, 'verdict': 'undecided', 'precision_mm': 'best at -37 mm'}} 0.1s
chaseEmR  ctx C A1:treble:10060-10060 (bar 24–24)                {'treble': {'rows': 0, 'gain': 0.0, 'design': "group changes no row of this file's model", 'verdict': 'no rows', 'precision_mm': None}} 0.1s
chaseEmR  ctx C D1:bass:1145-1243 (bar upbeat–upbeat)            {'bass': {'rows': 0, 'gain': 0.0, 'design': "group changes no row of this file's model", 'verdict': 'no rows', 'precision_mm': None}} 0.1s
chaseEmR  ctx C D1:soft:6338-6338 (bar 13–13)                    {'bass': {'rows': 0, 'gain': 0.0, 'design': "group changes no row of this file's model", 'verdict': 'no rows', 'precision_mm': None}, 'treble': {'rows': 0, 'gain': 0.0, 'design': "group changes no row of this file's model", 'verdict': 'no rows', 'precision_mm': None}} 0.0s
phillipsR ctx B B:bass:1483-1609 (bar 1–1)                       {'bass': {'rows': 0, 'gain': 0.0}} 0.1s
phillipsR ctx B B:bass:2136-2568 (bar 3–5)                       {'bass': {'rows': 6, 'gain': 6.51}} 0.1s
phillipsR ctx B B:bass:3361-3547 (bar 8–1′)                      {'bass': {'rows': 4, 'gain': 3.935}} 0.1s
phillipsR ctx B B:bass:3806-3806 (bar 2′–2′)                     {'bass': {'rows': 2, 'gain': 0.853}} 0.1s
phillipsR ctx B B:bass:4047-4483 (bar 3′–5′)                     {'bass': {'rows': 11, 'gain': 1.485}} 0.1s
phillipsR ctx B B:bass:4814-4909 (bar 6′–7′)                     {'bass': {'rows': 4, 'gain': 0.961}} 0.1s
phillipsR ctx B B:bass:5341-5878 (bar 8′–11)                     {'bass': {'rows': 16, 'gain': 98.559}} 0.1s
phillipsR ctx B B:bass:6079-6234 (bar 12–13)                     {'bass': {'rows': 6, 'gain': 17.183}} 0.1s
phillipsR ctx B B:bass:7256-7396 (bar 16–17)                     {'bass': {'rows': 0, 'gain': 0.0}} 0.1s
phillipsR ctx B B:bass:7939-8425 (bar 19–21)                     {'bass': {'rows': 11, 'gain': 5.467}} 0.1s
phillipsR ctx B B:bass:8553-8568 (bar 22–22)                     {'bass': {'rows': 3, 'gain': -0.263}} 0.1s
phillipsR ctx B B:bass:9198-9210 (bar 23–23)                     {'bass': {'rows': 2, 'gain': -0.037}} 0.1s
phillipsR ctx B B:bass:9420-9673 (bar 24–24)                     {'bass': {'rows': 6, 'gain': 0.928}} 0.1s
phillipsR ctx B B:soft:5316-5316 (bar 8′–8′)                     {'bass': {'rows': 13, 'gain': 1.533}, 'treble': {'rows': 12, 'gain': 2.604}} 0.1s
phillipsR ctx B B:soft:5771-5771 (bar 10–10)                     {'bass': {'rows': 21, 'gain': 0.0}, 'treble': {'rows': 8, 'gain': 0.0}} 0.1s
phillipsR ctx B B:treble:1709-1759 (bar 2–2)                     {'treble': {'rows': 7, 'gain': 14.545}} 0.1s
phillipsR ctx B B:treble:1932-2163 (bar 2–3)                     {'treble': {'rows': 7, 'gain': 0.103}} 0.1s
phillipsR ctx B B:treble:2569-2678 (bar 5–6)                     {'treble': {'rows': 8, 'gain': 23.309}} 0.1s
phillipsR ctx B B:treble:3926-4074 (bar 3′–3′)                   {'treble': {'rows': 8, 'gain': 0.225}} 0.1s
phillipsR ctx B B:treble:4580-4603 (bar 6′–6′)                   {'treble': {'rows': 1, 'gain': 0.257}} 0.1s
phillipsR ctx B B:treble:5535-5979 (bar 9–11)                    {'treble': {'rows': 18, 'gain': 46.935}} 0.1s
phillipsR ctx B B:treble:6182-6182 (bar 12–12)                   {'treble': {'rows': 3, 'gain': 4.298}} 0.1s
phillipsR ctx B B:treble:6339-6503 (bar 13–14)                   {'treble': {'rows': 11, 'gain': 14.718}} 0.1s
phillipsR ctx B B:treble:7431-7686 (bar 17–18)                   {'treble': {'rows': 18, 'gain': 366.364}} 0.1s
phillipsR ctx B B:treble:7952-8020 (bar 19–20)                   {'treble': {'rows': 5, 'gain': -0.393}} 0.1s
phillipsR ctx B B:treble:8438-8498 (bar 21–21)                   {'treble': {'rows': 7, 'gain': 32.298}} 0.1s
phillipsR ctx B B:treble:8753-9054 (bar 22–23)                   {'treble': {'rows': 4, 'gain': 0.153}} 0.1s
phillipsR ctx B B:treble:9213-9222 (bar 23–23)                   {'treble': {'rows': 1, 'gain': -0.312}} 0.1s
phillipsR ctx B C:bass:1433-1473 (bar upbeat–Auftakt)            {'bass': {'rows': 2, 'gain': 9.741}} 0.1s
phillipsR ctx B C:bass:1875-2077 (bar 2–3)                       {'bass': {'rows': 7, 'gain': 3.033}} 0.1s
phillipsR ctx B C:bass:2231-2475 (bar 4–5)                       {'bass': {'rows': 5, 'gain': 4.73}} 0.1s
phillipsR ctx B C:bass:2659-2671 (bar 6–6)                       {'bass': {'rows': 2, 'gain': 0.507}} 0.1s
phillipsR ctx B C:bass:2853-3109 (bar 6–8)                       {'bass': {'rows': 8, 'gain': 0.804}} 0.1s
phillipsR ctx B C:bass:3252-3263 (bar 8–8)                       {'bass': {'rows': 2, 'gain': 0.212}} 0.1s
phillipsR ctx B C:bass:3863-3938 (bar 2′–3′)                     {'bass': {'rows': 4, 'gain': 1.243}} 0.1s
phillipsR ctx B C:bass:4281-4286 (bar 4′–4′)                     {'bass': {'rows': 1, 'gain': 4.084}} 0.1s
phillipsR ctx B C:bass:5036-5175 (bar 7′–8′)                     {'bass': {'rows': 2, 'gain': 0.404}} 0.1s
phillipsR ctx B C:bass:6475-7227 (bar 14–16)                     {'bass': {'rows': 14, 'gain': 18.239}} 0.1s
phillipsR ctx B C:bass:7672-7880 (bar 18–19)                     {'bass': {'rows': 7, 'gain': 1.26}} 0.1s
phillipsR ctx B C:bass:8210-8216 (bar 20–20)                     {'bass': {'rows': 2, 'gain': 3.861}} 0.1s
phillipsR ctx B C:bass:8867-9156 (bar 22–23)                     {'bass': {'rows': 11, 'gain': 0.483}} 0.1s
phillipsR ctx B C:treble:1691-8037 (bar 2–20)                    {'treble': {'rows': 0, 'gain': 0.0}} 0.0s
phillipsR ctx B C:treble:2776-2892 (bar 6–7)                     {'treble': {'rows': 1, 'gain': 0.238}} 0.1s
phillipsR ctx B C:treble:3062-3076 (bar 7–7)                     {'treble': {'rows': 1, 'gain': -0.368}} 0.1s
phillipsR ctx B C:treble:3252-3270 (bar 8–8)                     {'treble': {'rows': 3, 'gain': -0.408}} 0.1s
phillipsR ctx B C:treble:3865-3888 (bar 2′–3′)                   {'treble': {'rows': 1, 'gain': 0.398}} 0.1s
phillipsR ctx B C:treble:4816-5253 (bar 6′–8′)                   {'treble': {'rows': 7, 'gain': 1.109}} 0.1s
phillipsR ctx B C:treble:5605-5605 (bar 10–10)                   {'treble': {'rows': 15, 'gain': -11.613}} 0.1s
phillipsR ctx B C:treble:6608-7072 (bar 14–16)                   {'treble': {'rows': 13, 'gain': -0.164}} 0.1s
phillipsR ctx B C:treble:7739-7843 (bar 18–19)                   {'treble': {'rows': 3, 'gain': -0.393}} 0.1s
phillipsR ctx B C:treble:8534-8605 (bar 22–22)                   {'treble': {'rows': 2, 'gain': 0.517}} 0.1s
phillipsR ctx B C:treble:8953-8968 (bar 23–23)                   {'treble': {'rows': 1, 'gain': -0.518}} 0.1s
phillipsR ctx B C:treble:9151-9163 (bar 23–23)                   {'treble': {'rows': 1, 'gain': -0.129}} 0.1s
phillipsR ctx B B1:bass:1419-1438 (bar upbeat–upbeat)            {'bass': {'rows': 1, 'gain': 5.17}} 0.1s
phillipsR ctx B B1:bass:7365-7365 (bar 17–17)                    {'bass': {'rows': 0, 'gain': 0.0}} 0.1s
phillipsR ctx B A1:bass:1737-1753 (bar 2–2)                      {'bass': {'rows': 2, 'gain': -1.001}} 0.1s
phillipsR ctx B A1:bass:2149-2275 (bar 3–4)                      {'bass': {'rows': 4, 'gain': -2.094}} 0.1s
phillipsR ctx B A1:bass:3796-3796 (bar 2′–2′)                    {'bass': {'rows': 2, 'gain': -0.545}} 0.1s
phillipsR ctx B A1:bass:4056-4067 (bar 3′–3′)                    {'bass': {'rows': 9, 'gain': -2.544}} 0.1s
phillipsR ctx B A1:bass:5363-5583 (bar 8′–9)                     {'bass': {'rows': 8, 'gain': -32.227}} 0.1s
phillipsR ctx B A1:bass:7924-8040 (bar 19–20)                    {'bass': {'rows': 13, 'gain': -18.714}} 0.1s
phillipsR ctx B A1:bass:8543-8628 (bar 22–22)                    {'bass': {'rows': 3, 'gain': -1.715}} 0.1s
phillipsR ctx B A1:soft:5507-5667 (bar 9–10)                     {'bass': {'rows': 2, 'gain': -1.655}, 'treble': {'rows': 5, 'gain': -0.719}} 0.1s
phillipsR ctx B A1:soft:6250-6250 (bar 13–13)                    {'bass': {'rows': 2, 'gain': 0.734}, 'treble': {'rows': 1, 'gain': 0.022}} 0.1s
phillipsR ctx B A1:treble:1964-2112 (bar 3–3)                    {'treble': {'rows': 7, 'gain': -4.562}} 0.1s
phillipsR ctx B A1:treble:2636-2685 (bar 6–6)                    {'treble': {'rows': 4, 'gain': -4.478}} 0.1s
phillipsR ctx B A1:treble:2864-2873 (bar 7–7)                    {'treble': {'rows': 2, 'gain': -0.442}} 0.1s
phillipsR ctx B A1:treble:4561-4645 (bar 6′–6′)                  {'treble': {'rows': 4, 'gain': -0.358}} 0.1s
phillipsR ctx B A1:treble:5547-5589 (bar 9–10)                   {'treble': {'rows': 15, 'gain': -16.281}} 0.1s
phillipsR ctx B A1:treble:5868-5892 (bar 11–11)                  {'treble': {'rows': 0, 'gain': 0.0}} 0.1s
phillipsR ctx B A1:treble:6216-6458 (bar 12–13)                  {'treble': {'rows': 0, 'gain': 0.0}} 0.1s
phillipsR ctx B A1:treble:7524-7568 (bar 18–18)                  {'treble': {'rows': 0, 'gain': 0.0}} 0.1s
phillipsR ctx B A1:treble:7993-7993 (bar 19–19)                  {'treble': {'rows': 0, 'gain': 0.0}} 0.1s
phillipsR ctx B A1:treble:8449-8550 (bar 21–22)                  {'treble': {'rows': 3, 'gain': -5.647}} 0.1s
phillipsR ctx B A1:treble:9085-9085 (bar 23–23)                  {'treble': {'rows': 1, 'gain': -0.545}} 0.1s
phillipsR ctx B A1:treble:10060-10060 (bar 24–24)                {'treble': {'rows': 0, 'gain': 0.0}} 0.1s
phillipsR ctx B D1:bass:1145-1243 (bar upbeat–upbeat)            {'bass': {'rows': 0, 'gain': 0.0}} 0.1s
phillipsR ctx B D1:soft:6338-6338 (bar 13–13)                    {'bass': {'rows': 0, 'gain': 0.0}, 'treble': {'rows': 0, 'gain': 0.0}} 0.0s
phillipsR ctx C B:bass:1483-1609 (bar 1–1)                       {'bass': {'rows': 0, 'gain': 0.0, 'design': "group changes no row of this file's model", 'verdict': 'no rows', 'precision_mm': 'best at -33 mm'}} 0.1s
phillipsR ctx C B:bass:2136-2568 (bar 3–5)                       {'bass': {'rows': 6, 'gain': 29.886, 'critical_has': -18.989, 'critical_lacks': 24.662, 'power_has': 1.0, 'power_lacks': 1.0, 'verdict': 'has', 'precision_mm': 0.0}} 0.1s
phillipsR ctx C B:bass:3361-3547 (bar 8–1′)                      {'bass': {'rows': 4, 'gain': 21.519, 'critical_has': -4.527, 'critical_lacks': -5.069, 'power_has': 0.93, 'power_lacks': 0.93, 'verdict': 'has', 'precision_mm': 3.7}} 0.1s
phillipsR ctx C B:bass:3806-3806 (bar 2′–2′)                     {'bass': {'rows': 2, 'gain': 5.036, 'critical_has': -1.727, 'critical_lacks': -0.098, 'power_has': 0.98, 'power_lacks': 0.98, 'verdict': 'has', 'precision_mm': 7.3}} 0.1s
phillipsR ctx C B:bass:4047-4483 (bar 3′–5′)                     {'bass': {'rows': 11, 'gain': 13.537, 'critical_has': -11.113, 'critical_lacks': 15.069, 'power_has': 1.0, 'power_lacks': 1.0, 'verdict': 'undecided', 'precision_mm': 1.2}} 0.1s
phillipsR ctx C B:bass:4814-4909 (bar 6′–7′)                     {'bass': {'rows': 4, 'gain': 9.476, 'critical_has': -2.617, 'critical_lacks': -1.072, 'power_has': 0.95, 'power_lacks': 1.0, 'verdict': 'has', 'precision_mm': 5.0}} 0.1s
phillipsR ctx C B:bass:5341-5878 (bar 8′–11)                     {'bass': {'rows': 16, 'gain': 459.994, 'critical_has': -345.591, 'critical_lacks': 381.569, 'power_has': 1.0, 'power_lacks': 1.0, 'verdict': 'has', 'precision_mm': 1.2}} 0.1s
phillipsR ctx C B:bass:6079-6234 (bar 12–13)                     {'bass': {'rows': 6, 'gain': 75.295, 'critical_has': -80.969, 'critical_lacks': 84.392, 'power_has': 1.0, 'power_lacks': 1.0, 'verdict': 'undecided', 'precision_mm': 1.3}} 0.1s
phillipsR ctx C B:bass:7256-7396 (bar 16–17)                     {'bass': {'rows': 0, 'gain': 0.0, 'design': "group changes no row of this file's model", 'verdict': 'no rows', 'precision_mm': 'best at -35 mm'}} 0.1s
phillipsR ctx C B:bass:7939-8425 (bar 19–21)                     {'bass': {'rows': 12, 'gain': -0.183, 'critical_has': -55.119, 'critical_lacks': 40.672, 'power_has': 1.0, 'power_lacks': 1.0, 'verdict': 'undecided', 'precision_mm': 0.0}} 0.1s
phillipsR ctx C B:bass:8553-8568 (bar 22–22)                     {'bass': {'rows': 3, 'gain': 1.894, 'critical_has': 1.463, 'critical_lacks': 1.334, 'power_has': 0.93, 'power_lacks': 0.93, 'verdict': 'has', 'precision_mm': 15.5}} 0.1s
phillipsR ctx C B:bass:9198-9210 (bar 23–23)                     {'bass': {'rows': 2, 'gain': 1.351, 'critical_has': 0.157, 'critical_lacks': -2.895, 'power_has': 0.87, 'power_lacks': 0.12, 'verdict': 'has', 'precision_mm': '>= 36'}} 0.1s
phillipsR ctx C B:bass:9420-9673 (bar 24–24)                     {'bass': {'rows': 6, 'gain': 10.208, 'critical_has': -17.56, 'critical_lacks': 6.358, 'power_has': 1.0, 'power_lacks': 1.0, 'verdict': 'has', 'precision_mm': 0.0}} 0.1s
phillipsR ctx C B:soft:5316-5316 (bar 8′–8′)                     {'bass': {'rows': 13, 'gain': 0.0, 'critical_has': 1.091, 'critical_lacks': -4.089, 'power_has': 0.03, 'power_lacks': 0.05, 'verdict': 'undecided', 'precision_mm': 'best at -35 mm'}, 'treble': {'rows': 12, 'gain': 2.115, 'critical_has': 1.034, 'critical_lacks': -0.606, 'power_has': 0.37, 'power_lacks': 0.57, 'verdict': 'has', 'precision_mm': 'best at -35 mm'}} 0.8s
phillipsR ctx C B:soft:5771-5771 (bar 10–10)                     {'bass': {'rows': 21, 'gain': 0.0, 'critical_has': 4.426, 'critical_lacks': 0.0, 'power_has': 0.0, 'power_lacks': 0.03, 'verdict': 'undecided', 'precision_mm': 'best at -35 mm'}, 'treble': {'rows': 8, 'gain': 0.0, 'critical_has': 0.521, 'critical_lacks': -0.452, 'power_has': 0.48, 'power_lacks': 0.5, 'verdict': 'undecided', 'precision_mm': 'best at -35 mm'}} 0.8s
phillipsR ctx C B:treble:1709-1759 (bar 2–2)                     {'treble': {'rows': 19, 'gain': 121.282, 'critical_has': -78.369, 'critical_lacks': 81.832, 'power_has': 1.0, 'power_lacks': 1.0, 'verdict': 'has', 'precision_mm': 12.0}} 0.1s
phillipsR ctx C B:treble:1932-2163 (bar 2–3)                     {'treble': {'rows': 7, 'gain': 0.6, 'critical_has': 1.478, 'critical_lacks': -0.46, 'power_has': 0.5, 'power_lacks': 0.75, 'verdict': 'undecided', 'precision_mm': '>= 34'}} 0.1s
phillipsR ctx C B:treble:2569-2678 (bar 5–6)                     {'treble': {'rows': 6, 'gain': 8.281, 'critical_has': 1.801, 'critical_lacks': -0.082, 'power_has': 0.75, 'power_lacks': 0.87, 'verdict': 'has', 'precision_mm': 12.1}} 0.1s
phillipsR ctx C B:treble:3926-4074 (bar 3′–3′)                   {'treble': {'rows': 8, 'gain': 0.465, 'critical_has': 0.52, 'critical_lacks': -1.151, 'power_has': 0.53, 'power_lacks': 0.35, 'verdict': 'undecided', 'precision_mm': 'best at -20 mm'}} 0.1s
phillipsR ctx C B:treble:4580-4603 (bar 6′–6′)                   {'treble': {'rows': 1, 'gain': 0.305, 'critical_has': 0.686, 'critical_lacks': -0.523, 'power_has': 0.05, 'power_lacks': 0.07, 'verdict': 'undecided', 'precision_mm': '>= 34'}} 0.1s
phillipsR ctx C B:treble:5535-5979 (bar 9–11)                    {'treble': {'rows': 18, 'gain': 50.557, 'critical_has': -24.779, 'critical_lacks': 33.529, 'power_has': 1.0, 'power_lacks': 1.0, 'verdict': 'has', 'precision_mm': 1.2}} 0.1s
phillipsR ctx C B:treble:6182-6182 (bar 12–12)                   {'treble': {'rows': 3, 'gain': 4.725, 'critical_has': 0.287, 'critical_lacks': -0.905, 'power_has': 0.82, 'power_lacks': 0.85, 'verdict': 'has', 'precision_mm': '>= 35'}} 0.1s
phillipsR ctx C B:treble:6339-6503 (bar 13–14)                   {'treble': {'rows': 18, 'gain': 17.42, 'critical_has': -3.824, 'critical_lacks': 4.851, 'power_has': 1.0, 'power_lacks': 1.0, 'verdict': 'has', 'precision_mm': 15.0}} 0.1s
phillipsR ctx C B:treble:7431-7686 (bar 17–18)                   {'treble': {'rows': 17, 'gain': 192.357, 'critical_has': -147.181, 'critical_lacks': 123.377, 'power_has': 1.0, 'power_lacks': 1.0, 'verdict': 'has', 'precision_mm': 10.2}} 0.1s
phillipsR ctx C B:treble:7952-8020 (bar 19–20)                   {'treble': {'rows': 5, 'gain': 0.065, 'critical_has': -0.195, 'critical_lacks': -0.659, 'power_has': 0.93, 'power_lacks': 0.93, 'verdict': 'has', 'precision_mm': '>= 36'}} 0.1s
phillipsR ctx C B:treble:8438-8498 (bar 21–21)                   {'treble': {'rows': 6, 'gain': 2.743, 'critical_has': 0.999, 'critical_lacks': -0.703, 'power_has': 0.85, 'power_lacks': 0.83, 'verdict': 'has', 'precision_mm': '>= 36'}} 0.1s
phillipsR ctx C B:treble:8753-9054 (bar 22–23)                   {'treble': {'rows': 4, 'gain': 0.329, 'critical_has': 0.745, 'critical_lacks': -1.01, 'power_has': 0.33, 'power_lacks': 0.25, 'verdict': 'undecided', 'precision_mm': '>= 36'}} 0.1s
phillipsR ctx C B:treble:9213-9222 (bar 23–23)                   {'treble': {'rows': 1, 'gain': -0.302, 'critical_has': 0.399, 'critical_lacks': -0.341, 'power_has': 0.15, 'power_lacks': 0.08, 'verdict': 'undecided', 'precision_mm': 'best at -36 mm'}} 0.1s
phillipsR ctx C C:bass:1433-1473 (bar upbeat–Auftakt)            {'bass': {'rows': 2, 'gain': 38.183, 'critical_has': -30.589, 'critical_lacks': 37.867, 'power_has': 1.0, 'power_lacks': 1.0, 'verdict': 'has', 'precision_mm': 1.2}} 0.1s
phillipsR ctx C C:bass:1875-2077 (bar 2–3)                       {'bass': {'rows': 7, 'gain': 17.865, 'critical_has': -3.593, 'critical_lacks': -2.209, 'power_has': 0.95, 'power_lacks': 0.98, 'verdict': 'has', 'precision_mm': 2.4}} 0.1s
phillipsR ctx C C:bass:2231-2475 (bar 4–5)                       {'bass': {'rows': 5, 'gain': 44.46, 'critical_has': -12.427, 'critical_lacks': 12.935, 'power_has': 1.0, 'power_lacks': 1.0, 'verdict': 'has', 'precision_mm': 0.0}} 0.1s
phillipsR ctx C C:bass:2659-2671 (bar 6–6)                       {'bass': {'rows': 2, 'gain': 3.537, 'critical_has': 3.046, 'critical_lacks': -1.469, 'power_has': 0.5, 'power_lacks': 0.73, 'verdict': 'has', 'precision_mm': 4.8}} 0.1s
phillipsR ctx C C:bass:2853-3109 (bar 6–8)                       {'bass': {'rows': 8, 'gain': 8.217, 'critical_has': -1.998, 'critical_lacks': -1.051, 'power_has': 0.95, 'power_lacks': 0.95, 'verdict': 'has', 'precision_mm': 2.4}} 0.1s
phillipsR ctx C C:bass:3252-3263 (bar 8–8)                       {'bass': {'rows': 2, 'gain': 2.884, 'critical_has': 2.193, 'critical_lacks': -3.034, 'power_has': 0.6, 'power_lacks': 0.35, 'verdict': 'has', 'precision_mm': 7.3}} 0.1s
phillipsR ctx C C:bass:3863-3938 (bar 2′–3′)                     {'bass': {'rows': 4, 'gain': 9.493, 'critical_has': -1.597, 'critical_lacks': -2.47, 'power_has': 0.93, 'power_lacks': 0.9, 'verdict': 'has', 'precision_mm': 4.9}} 0.1s
phillipsR ctx C C:bass:4281-4286 (bar 4′–4′)                     {'bass': {'rows': 1, 'gain': 33.816, 'critical_has': -7.29, 'critical_lacks': 8.956, 'power_has': 1.0, 'power_lacks': 1.0, 'verdict': 'has', 'precision_mm': 0.0}} 0.1s
phillipsR ctx C C:bass:5036-5175 (bar 7′–8′)                     {'bass': {'rows': 2, 'gain': 4.333, 'critical_has': 1.978, 'critical_lacks': 0.34, 'power_has': 0.75, 'power_lacks': 0.92, 'verdict': 'has', 'precision_mm': 9.9}} 0.1s
phillipsR ctx C C:bass:6475-7227 (bar 14–16)                     {'bass': {'rows': 14, 'gain': 82.523, 'critical_has': -46.133, 'critical_lacks': 44.326, 'power_has': 1.0, 'power_lacks': 1.0, 'verdict': 'has', 'precision_mm': 0.0}} 0.1s
phillipsR ctx C C:bass:7672-7880 (bar 18–19)                     {'bass': {'rows': 7, 'gain': 10.287, 'critical_has': -1.226, 'critical_lacks': -0.406, 'power_has': 0.95, 'power_lacks': 0.98, 'verdict': 'has', 'precision_mm': 2.5}} 0.1s
phillipsR ctx C C:bass:8210-8216 (bar 20–20)                     {'bass': {'rows': 2, 'gain': 13.385, 'critical_has': -25.719, 'critical_lacks': 22.545, 'power_has': 1.0, 'power_lacks': 1.0, 'verdict': 'undecided', 'precision_mm': 0.0}} 0.1s
phillipsR ctx C C:bass:8867-9156 (bar 22–23)                     {'bass': {'rows': 11, 'gain': 11.004, 'critical_has': 0.421, 'critical_lacks': -0.222, 'power_has': 0.93, 'power_lacks': 0.92, 'verdict': 'has', 'precision_mm': 2.6}} 0.1s
phillipsR ctx C C:treble:1691-8037 (bar 2–20)                    {'treble': {'rows': 0, 'gain': 0.0, 'design': "group changes no row of this file's model", 'verdict': 'no rows', 'precision_mm': None}} 0.0s
phillipsR ctx C C:treble:2776-2892 (bar 6–7)                     {'treble': {'rows': 1, 'gain': 0.294, 'critical_has': 0.399, 'critical_lacks': -0.623, 'power_has': 0.17, 'power_lacks': 0.1, 'verdict': 'undecided', 'precision_mm': '>= 34'}} 0.1s
phillipsR ctx C C:treble:3062-3076 (bar 7–7)                     {'treble': {'rows': 1, 'gain': -0.345, 'critical_has': 0.773, 'critical_lacks': -0.632, 'power_has': 0.02, 'power_lacks': 0.17, 'verdict': 'undecided', 'precision_mm': '>= 34'}} 0.1s
phillipsR ctx C C:treble:3252-3270 (bar 8–8)                     {'treble': {'rows': 3, 'gain': -0.3, 'critical_has': 1.025, 'critical_lacks': -1.08, 'power_has': 0.35, 'power_lacks': 0.23, 'verdict': 'undecided', 'precision_mm': '>= 34'}} 0.1s
phillipsR ctx C C:treble:3865-3888 (bar 2′–3′)                   {'treble': {'rows': 1, 'gain': 0.505, 'critical_has': 1.287, 'critical_lacks': -1.042, 'power_has': 0.12, 'power_lacks': 0.17, 'verdict': 'undecided', 'precision_mm': '>= 34'}} 0.1s
phillipsR ctx C C:treble:4816-5253 (bar 6′–8′)                   {'treble': {'rows': 7, 'gain': 1.507, 'critical_has': 1.535, 'critical_lacks': -1.145, 'power_has': 0.33, 'power_lacks': 0.6, 'verdict': 'undecided', 'precision_mm': 17.2}} 0.1s
phillipsR ctx C C:treble:5605-5605 (bar 10–10)                   {'treble': {'rows': 15, 'gain': -0.251, 'critical_has': 1.574, 'critical_lacks': -0.66, 'power_has': 0.73, 'power_lacks': 0.63, 'verdict': 'undecided', 'precision_mm': '>= 35'}} 0.1s
phillipsR ctx C C:treble:6608-7072 (bar 14–16)                   {'treble': {'rows': 13, 'gain': 0.142, 'critical_has': 1.628, 'critical_lacks': -1.118, 'power_has': 0.43, 'power_lacks': 0.47, 'verdict': 'undecided', 'precision_mm': 15.1}} 0.1s
phillipsR ctx C C:treble:7739-7843 (bar 18–19)                   {'treble': {'rows': 3, 'gain': -0.287, 'critical_has': 1.128, 'critical_lacks': -1.228, 'power_has': 0.1, 'power_lacks': 0.1, 'verdict': 'undecided', 'precision_mm': 'best at -20 mm'}} 0.1s
phillipsR ctx C C:treble:8534-8605 (bar 22–22)                   {'treble': {'rows': 2, 'gain': 0.613, 'critical_has': 0.601, 'critical_lacks': -0.472, 'power_has': 0.18, 'power_lacks': 0.13, 'verdict': 'has', 'precision_mm': 20.7}} 0.4s
phillipsR ctx C C:treble:8953-8968 (bar 23–23)                   {'treble': {'rows': 1, 'gain': -0.496, 'critical_has': 0.558, 'critical_lacks': -0.616, 'power_has': 0.22, 'power_lacks': 0.08, 'verdict': 'undecided', 'precision_mm': 'best at +36 mm'}} 0.1s
phillipsR ctx C C:treble:9151-9163 (bar 23–23)                   {'treble': {'rows': 1, 'gain': -0.093, 'critical_has': 0.701, 'critical_lacks': -0.312, 'power_has': 0.07, 'power_lacks': 0.18, 'verdict': 'undecided', 'precision_mm': 'best at -36 mm'}} 0.1s
phillipsR ctx C B1:bass:1419-1438 (bar upbeat–upbeat)            {'bass': {'rows': 2, 'gain': -10.686, 'critical_has': -2.491, 'critical_lacks': -0.573, 'power_has': 0.95, 'power_lacks': 0.97, 'verdict': 'lacks', 'precision_mm': 'best at -33 mm'}} 0.1s
phillipsR ctx C B1:bass:7365-7365 (bar 17–17)                    {'bass': {'rows': 0, 'gain': 0.0, 'design': "group changes no row of this file's model", 'verdict': 'no rows', 'precision_mm': 'best at -35 mm'}} 0.1s
phillipsR ctx C A1:bass:1737-1753 (bar 2–2)                      {'bass': {'rows': 2, 'gain': -2.652, 'critical_has': 0.21, 'critical_lacks': 0.094, 'power_has': 0.95, 'power_lacks': 0.93, 'verdict': 'lacks', 'precision_mm': '>= 34'}} 0.1s
phillipsR ctx C A1:bass:2149-2275 (bar 3–4)                      {'bass': {'rows': 4, 'gain': -5.668, 'critical_has': -1.339, 'critical_lacks': 2.582, 'power_has': 0.98, 'power_lacks': 1.0, 'verdict': 'lacks', 'precision_mm': 1.2}} 0.1s
phillipsR ctx C A1:bass:3796-3796 (bar 2′–2′)                    {'bass': {'rows': 2, 'gain': -0.994, 'critical_has': 2.575, 'critical_lacks': 0.092, 'power_has': 0.52, 'power_lacks': 0.85, 'verdict': 'lacks', 'precision_mm': 11.0}} 0.1s
phillipsR ctx C A1:bass:4056-4067 (bar 3′–3′)                    {'bass': {'rows': 9, 'gain': -12.492, 'critical_has': -22.85, 'critical_lacks': 26.828, 'power_has': 1.0, 'power_lacks': 1.0, 'verdict': 'undecided', 'precision_mm': 2.4}} 0.1s
phillipsR ctx C A1:bass:5363-5583 (bar 8′–9)                     {'bass': {'rows': 8, 'gain': -107.364, 'critical_has': -56.871, 'critical_lacks': 58.036, 'power_has': 1.0, 'power_lacks': 1.0, 'verdict': 'lacks', 'precision_mm': 0.0}} 0.1s
phillipsR ctx C A1:bass:7924-8040 (bar 19–20)                    {'bass': {'rows': 14, 'gain': -91.329, 'critical_has': -68.997, 'critical_lacks': 53.089, 'power_has': 1.0, 'power_lacks': 1.0, 'verdict': 'lacks', 'precision_mm': 0.0}} 0.1s
phillipsR ctx C A1:bass:8543-8628 (bar 22–22)                    {'bass': {'rows': 3, 'gain': -5.863, 'critical_has': -0.126, 'critical_lacks': 0.94, 'power_has': 0.97, 'power_lacks': 0.97, 'verdict': 'lacks', 'precision_mm': '>= 36'}} 0.1s
phillipsR ctx C A1:soft:5507-5667 (bar 9–10)                     {'bass': {'rows': 2, 'gain': -0.785, 'critical_has': 1.702, 'critical_lacks': -1.056, 'power_has': 0.03, 'power_lacks': 0.03, 'verdict': 'undecided', 'precision_mm': 'best at +35 mm'}, 'treble': {'rows': 5, 'gain': -0.711, 'critical_has': 1.117, 'critical_lacks': -1.027, 'power_has': 0.2, 'power_lacks': 0.22, 'verdict': 'undecided', 'precision_mm': 'best at +20 mm'}} 0.9s
phillipsR ctx C A1:soft:6250-6250 (bar 13–13)                    {'bass': {'rows': 2, 'gain': 1.183, 'critical_has': 0.587, 'critical_lacks': -0.861, 'power_has': 0.1, 'power_lacks': 0.07, 'verdict': 'has', 'precision_mm': 'best at -35 mm'}, 'treble': {'rows': 1, 'gain': 0.0, 'critical_has': 0.005, 'critical_lacks': -1.82, 'power_has': 0.05, 'power_lacks': 0.1, 'verdict': 'undecided', 'precision_mm': '>= 35'}} 0.8s
phillipsR ctx C A1:treble:1964-2112 (bar 3–3)                    {'treble': {'rows': 7, 'gain': -4.374, 'critical_has': -0.167, 'critical_lacks': -2.228, 'power_has': 0.9, 'power_lacks': 0.68, 'verdict': 'lacks', 'precision_mm': 'best at +34 mm'}} 0.1s
phillipsR ctx C A1:treble:2636-2685 (bar 6–6)                    {'treble': {'rows': 7, 'gain': -9.331, 'critical_has': -4.717, 'critical_lacks': 4.704, 'power_has': 1.0, 'power_lacks': 1.0, 'verdict': 'lacks', 'precision_mm': 'best at +19 mm'}} 0.1s
phillipsR ctx C A1:treble:2864-2873 (bar 7–7)                    {'treble': {'rows': 10, 'gain': -15.329, 'critical_has': -2.597, 'critical_lacks': 6.455, 'power_has': 1.0, 'power_lacks': 1.0, 'verdict': 'lacks', 'precision_mm': 'best at -34 mm'}} 0.1s
phillipsR ctx C A1:treble:4561-4645 (bar 6′–6′)                  {'treble': {'rows': 4, 'gain': -0.762, 'critical_has': 1.093, 'critical_lacks': -0.554, 'power_has': 0.55, 'power_lacks': 0.6, 'verdict': 'lacks', 'precision_mm': 11.0}} 0.1s
phillipsR ctx C A1:treble:5547-5589 (bar 9–10)                   {'treble': {'rows': 15, 'gain': -3.676, 'critical_has': 1.908, 'critical_lacks': -2.436, 'power_has': 0.37, 'power_lacks': 0.32, 'verdict': 'lacks', 'precision_mm': 'best at -20 mm'}} 0.1s
phillipsR ctx C A1:treble:5868-5892 (bar 11–11)                  {'treble': {'rows': 0, 'gain': 0.0, 'design': "group changes no row of this file's model", 'verdict': 'no rows', 'precision_mm': '>= 35'}} 0.1s
phillipsR ctx C A1:treble:6216-6458 (bar 12–13)                  {'treble': {'rows': 0, 'gain': 0.0, 'design': "group changes no row of this file's model", 'verdict': 'no rows', 'precision_mm': 'best at -20 mm'}} 0.1s
phillipsR ctx C A1:treble:7524-7568 (bar 18–18)                  {'treble': {'rows': 0, 'gain': 0.0, 'design': "group changes no row of this file's model", 'verdict': 'no rows', 'precision_mm': '>= 36'}} 0.1s
phillipsR ctx C A1:treble:7993-7993 (bar 19–19)                  {'treble': {'rows': 0, 'gain': 0.0, 'design': "group changes no row of this file's model", 'verdict': 'no rows', 'precision_mm': 'best at -36 mm'}} 0.1s
phillipsR ctx C A1:treble:8449-8550 (bar 21–22)                  {'treble': {'rows': 3, 'gain': -7.925, 'critical_has': -0.493, 'critical_lacks': 2.056, 'power_has': 1.0, 'power_lacks': 0.98, 'verdict': 'lacks', 'precision_mm': 'best at -21 mm'}} 0.1s
phillipsR ctx C A1:treble:9085-9085 (bar 23–23)                  {'treble': {'rows': 1, 'gain': -0.505, 'critical_has': 0.501, 'critical_lacks': -0.69, 'power_has': 0.37, 'power_lacks': 0.25, 'verdict': 'undecided', 'precision_mm': 'best at -36 mm'}} 0.1s
phillipsR ctx C A1:treble:10060-10060 (bar 24–24)                {'treble': {'rows': 0, 'gain': 0.0, 'design': "group changes no row of this file's model", 'verdict': 'no rows', 'precision_mm': None}} 0.1s
phillipsR ctx C D1:bass:1145-1243 (bar upbeat–upbeat)            {'bass': {'rows': 0, 'gain': 0.0, 'design': "group changes no row of this file's model", 'verdict': 'no rows', 'precision_mm': None}} 0.1s
phillipsR ctx C D1:soft:6338-6338 (bar 13–13)                    {'bass': {'rows': 0, 'gain': 0.0, 'design': "group changes no row of this file's model", 'verdict': 'no rows', 'precision_mm': None}, 'treble': {'rows': 0, 'gain': 0.0, 'design': "group changes no row of this file's model", 'verdict': 'no rows', 'precision_mm': None}} 0.0s
gourlin   ctx B B:bass:1483-1609 (bar 1–1)                       {'bass': {'rows': 0, 'gain': 0.0, 'design': "group changes no row of this file's model", 'verdict': 'no rows', 'precision_mm': 'best at -31 mm'}} 0.1s
gourlin   ctx B B:bass:2136-2568 (bar 3–5)                       {'bass': {'rows': 6, 'gain': 6.116, 'critical_has': -0.72, 'critical_lacks': 1.556, 'power_has': 1.0, 'power_lacks': 0.97, 'verdict': 'has', 'precision_mm': 'best at -18 mm'}} 0.1s
gourlin   ctx B B:bass:3361-3547 (bar 8–1′)                      {'bass': {'rows': 4, 'gain': 10.025, 'critical_has': 0.371, 'critical_lacks': 2.755, 'power_has': 0.97, 'power_lacks': 0.97, 'verdict': 'has', 'precision_mm': 5.2}} 0.1s
gourlin   ctx B B:bass:3806-3806 (bar 2′–2′)                     {'bass': {'rows': 1, 'gain': 1.809, 'critical_has': 1.517, 'critical_lacks': -0.76, 'power_has': 0.28, 'power_lacks': 0.8, 'verdict': 'has', 'precision_mm': 15.3}} 0.1s
gourlin   ctx B B:bass:4047-4483 (bar 3′–5′)                     {'bass': {'rows': 9, 'gain': 32.421, 'critical_has': -13.563, 'critical_lacks': 5.451, 'power_has': 1.0, 'power_lacks': 1.0, 'verdict': 'has', 'precision_mm': 3.3}} 0.1s
gourlin   ctx B B:bass:4814-4909 (bar 6′–7′)                     {'bass': {'rows': 4, 'gain': 2.828, 'critical_has': 4.435, 'critical_lacks': -0.782, 'power_has': 0.25, 'power_lacks': 0.8, 'verdict': 'undecided', 'precision_mm': 8.7}} 0.1s
gourlin   ctx B B:bass:5341-5878 (bar 8′–11)                     {'bass': {'rows': 14, 'gain': 104.353, 'critical_has': -77.579, 'critical_lacks': 91.542, 'power_has': 1.0, 'power_lacks': 1.0, 'verdict': 'has', 'precision_mm': 1.1}} 0.1s
gourlin   ctx B B:bass:6079-6234 (bar 12–13)                     {'bass': {'rows': 5, 'gain': 26.606, 'critical_has': -9.392, 'critical_lacks': 14.489, 'power_has': 1.0, 'power_lacks': 1.0, 'verdict': 'has', 'precision_mm': 1.1}} 0.1s
gourlin   ctx B B:bass:7256-7396 (bar 16–17)                     {'bass': {'rows': 0, 'gain': 0.0, 'design': "group changes no row of this file's model", 'verdict': 'no rows', 'precision_mm': 'best at -17 mm'}} 0.1s
gourlin   ctx B B:bass:7939-8425 (bar 19–21)                     {'bass': {'rows': 10, 'gain': -22.106, 'critical_has': 0.016, 'critical_lacks': 2.97, 'power_has': 0.97, 'power_lacks': 0.95, 'verdict': 'lacks', 'precision_mm': 4.3}} 0.1s
gourlin   ctx B B:bass:8553-8568 (bar 22–22)                     {'bass': {'rows': 3, 'gain': 3.201, 'critical_has': 3.206, 'critical_lacks': -0.805, 'power_has': 0.13, 'power_lacks': 0.77, 'verdict': 'undecided', 'precision_mm': 6.4}} 0.1s
gourlin   ctx B B:bass:9198-9210 (bar 23–23)                     {'bass': {'rows': 2, 'gain': 0.222, 'critical_has': 1.389, 'critical_lacks': -0.225, 'power_has': 0.07, 'power_lacks': 0.68, 'verdict': 'undecided', 'precision_mm': '>= 30'}} 0.1s
gourlin   ctx B B:bass:9420-9673 (bar 24–24)                     {'bass': {'rows': 6, 'gain': 2.743, 'critical_has': -0.305, 'critical_lacks': -1.096, 'power_has': 0.93, 'power_lacks': 0.92, 'verdict': 'has', 'precision_mm': 6.4}} 0.1s
gourlin   ctx B B:soft:5316-5316 (bar 8′–8′)                     {'bass': {'rows': 13, 'gain': -1.629, 'critical_has': 0.0, 'critical_lacks': -4.765, 'power_has': 0.0, 'power_lacks': 0.05, 'verdict': 'undecided', 'precision_mm': 'best at -30 mm'}, 'treble': {'rows': 12, 'gain': 2.369, 'critical_has': 1.907, 'critical_lacks': 0.137, 'power_has': 0.78, 'power_lacks': 0.9, 'verdict': 'has', 'precision_mm': 'best at -30 mm'}} 0.9s
gourlin   ctx B B:soft:5771-5771 (bar 10–10)                     {'bass': {'rows': 20, 'gain': 0.0, 'critical_has': 1.565, 'critical_lacks': 0.0, 'power_has': 0.03, 'power_lacks': 0.02, 'verdict': 'undecided', 'precision_mm': 'best at -30 mm'}, 'treble': {'rows': 8, 'gain': 0.208, 'critical_has': 0.0, 'critical_lacks': -3.065, 'power_has': 0.67, 'power_lacks': 0.37, 'verdict': 'has', 'precision_mm': 'best at -30 mm'}} 0.8s
gourlin   ctx B B:treble:1709-1759 (bar 2–2)                     {'treble': {'rows': 7, 'gain': 1.251, 'critical_has': 2.072, 'critical_lacks': -2.961, 'power_has': 0.77, 'power_lacks': 0.7, 'verdict': 'undecided', 'precision_mm': 10.1}} 0.1s
gourlin   ctx B B:treble:1932-2163 (bar 2–3)                     {'treble': {'rows': 12, 'gain': 3.895, 'critical_has': 1.434, 'critical_lacks': -1.671, 'power_has': 0.35, 'power_lacks': 0.52, 'verdict': 'has', 'precision_mm': 'best at -30 mm'}} 0.1s
gourlin   ctx B B:treble:2569-2678 (bar 5–6)                     {'treble': {'rows': 8, 'gain': 13.993, 'critical_has': -3.514, 'critical_lacks': 1.661, 'power_has': 1.0, 'power_lacks': 1.0, 'verdict': 'has', 'precision_mm': 13.2}} 0.1s
gourlin   ctx B B:treble:3926-4074 (bar 3′–3′)                   {'treble': {'rows': 8, 'gain': 0.154, 'critical_has': 1.424, 'critical_lacks': -0.83, 'power_has': 0.22, 'power_lacks': 0.4, 'verdict': 'undecided', 'precision_mm': 'best at -31 mm'}} 0.1s
gourlin   ctx B B:treble:4580-4603 (bar 6′–6′)                   {'treble': {'rows': 1, 'gain': -0.112, 'critical_has': 0.283, 'critical_lacks': -0.248, 'power_has': 0.12, 'power_lacks': 0.07, 'verdict': 'undecided', 'precision_mm': '>= 31'}} 0.1s
gourlin   ctx B B:treble:5535-5979 (bar 9–11)                    {'treble': {'rows': 11, 'gain': 0.052, 'critical_has': 2.013, 'critical_lacks': -1.133, 'power_has': 0.48, 'power_lacks': 0.72, 'verdict': 'undecided', 'precision_mm': 10.8}} 0.1s
gourlin   ctx B B:treble:6182-6182 (bar 12–12)                   {'treble': {'rows': 3, 'gain': 1.439, 'critical_has': 2.582, 'critical_lacks': -0.693, 'power_has': 0.17, 'power_lacks': 0.58, 'verdict': 'undecided', 'precision_mm': '>= 30'}} 0.1s
gourlin   ctx B B:treble:6339-6503 (bar 13–14)                   {'treble': {'rows': 12, 'gain': 5.972, 'critical_has': 0.013, 'critical_lacks': 0.493, 'power_has': 0.97, 'power_lacks': 0.95, 'verdict': 'has', 'precision_mm': '>= 30'}} 0.1s
gourlin   ctx B B:treble:7431-7686 (bar 17–18)                   {'treble': {'rows': 21, 'gain': 43.812, 'critical_has': -17.649, 'critical_lacks': 7.053, 'power_has': 1.0, 'power_lacks': 1.0, 'verdict': 'has', 'precision_mm': 'best at +17 mm'}} 0.1s
gourlin   ctx B B:treble:7952-8020 (bar 19–20)                   {'treble': {'rows': 7, 'gain': 0.315, 'critical_has': -0.48, 'critical_lacks': 0.514, 'power_has': 1.0, 'power_lacks': 0.98, 'verdict': 'undecided', 'precision_mm': 'best at +30 mm'}} 0.1s
gourlin   ctx B B:treble:8438-8498 (bar 21–21)                   {'treble': {'rows': 7, 'gain': 35.455, 'critical_has': -11.109, 'critical_lacks': -0.973, 'power_has': 1.0, 'power_lacks': 1.0, 'verdict': 'has', 'precision_mm': 'best at -17 mm'}} 0.1s
gourlin   ctx B B:treble:8753-9054 (bar 22–23)                   {'treble': {'rows': 4, 'gain': -0.263, 'critical_has': 1.935, 'critical_lacks': -0.535, 'power_has': 0.0, 'power_lacks': 0.37, 'verdict': 'undecided', 'precision_mm': 'best at +30 mm'}} 0.1s
gourlin   ctx B B:treble:9213-9222 (bar 23–23)                   {'treble': {'rows': 1, 'gain': -0.194, 'critical_has': 0.438, 'critical_lacks': -0.301, 'power_has': 0.07, 'power_lacks': 0.05, 'verdict': 'undecided', 'precision_mm': 'best at -30 mm'}} 0.1s
gourlin   ctx B C:bass:1433-1473 (bar upbeat–Auftakt)            {'bass': {'rows': 2, 'gain': 1.21, 'critical_has': 1.946, 'critical_lacks': -0.387, 'power_has': 0.3, 'power_lacks': 0.78, 'verdict': 'undecided', 'precision_mm': 'best at -30 mm'}} 0.1s
gourlin   ctx B C:bass:1875-2077 (bar 2–3)                       {'bass': {'rows': 7, 'gain': -6.854, 'critical_has': 3.753, 'critical_lacks': 0.667, 'power_has': 0.77, 'power_lacks': 0.92, 'verdict': 'lacks', 'precision_mm': 'best at +17 mm'}} 0.1s
gourlin   ctx B C:bass:2231-2475 (bar 4–5)                       {'bass': {'rows': 4, 'gain': 0.217, 'critical_has': 1.774, 'critical_lacks': -1.81, 'power_has': 0.25, 'power_lacks': 0.15, 'verdict': 'undecided', 'precision_mm': 0.0}} 0.1s
gourlin   ctx B C:bass:2659-2671 (bar 6–6)                       {'bass': {'rows': 2, 'gain': -1.028, 'critical_has': 0.776, 'critical_lacks': -0.853, 'power_has': 0.35, 'power_lacks': 0.63, 'verdict': 'lacks', 'precision_mm': 'best at -31 mm'}} 0.1s
gourlin   ctx B C:bass:2853-3109 (bar 6–8)                       {'bass': {'rows': 8, 'gain': -3.108, 'critical_has': 1.529, 'critical_lacks': -2.326, 'power_has': 0.63, 'power_lacks': 0.58, 'verdict': 'lacks', 'precision_mm': '>= 30'}} 0.1s
gourlin   ctx B C:bass:3252-3263 (bar 8–8)                       {'bass': {'rows': 2, 'gain': -0.849, 'critical_has': 1.083, 'critical_lacks': -2.746, 'power_has': 0.3, 'power_lacks': 0.05, 'verdict': 'undecided', 'precision_mm': 'best at +17 mm'}} 0.1s
gourlin   ctx B C:bass:3863-3938 (bar 2′–3′)                     {'bass': {'rows': 4, 'gain': -3.643, 'critical_has': 3.375, 'critical_lacks': -2.098, 'power_has': 0.27, 'power_lacks': 0.73, 'verdict': 'lacks', 'precision_mm': 'best at +17 mm'}} 0.1s
gourlin   ctx B C:bass:4281-4286 (bar 4′–4′)                     {'bass': {'rows': 0, 'gain': 0.0, 'design': "group changes no row of this file's model", 'verdict': 'no rows', 'precision_mm': 1.1}} 0.1s
gourlin   ctx B C:bass:5036-5175 (bar 7′–8′)                     {'bass': {'rows': 3, 'gain': -1.905, 'critical_has': 1.406, 'critical_lacks': -1.882, 'power_has': 0.4, 'power_lacks': 0.4, 'verdict': 'lacks', 'precision_mm': 'best at -30 mm'}} 0.1s
gourlin   ctx B C:bass:6475-7227 (bar 14–16)                     {'bass': {'rows': 14, 'gain': -44.688, 'critical_has': -11.855, 'critical_lacks': 6.983, 'power_has': 1.0, 'power_lacks': 1.0, 'verdict': 'lacks', 'precision_mm': 'best at -30 mm'}} 0.1s
gourlin   ctx B C:bass:7672-7880 (bar 18–19)                     {'bass': {'rows': 7, 'gain': -3.414, 'critical_has': 2.154, 'critical_lacks': -1.904, 'power_has': 0.5, 'power_lacks': 0.68, 'verdict': 'lacks', 'precision_mm': 'best at -17 mm'}} 0.1s
gourlin   ctx B C:bass:8210-8216 (bar 20–20)                     {'bass': {'rows': 1, 'gain': -9.453, 'critical_has': -2.972, 'critical_lacks': 5.664, 'power_has': 0.98, 'power_lacks': 0.98, 'verdict': 'lacks', 'precision_mm': 'best at -17 mm'}} 0.1s
gourlin   ctx B C:bass:8867-9156 (bar 22–23)                     {'bass': {'rows': 10, 'gain': -5.454, 'critical_has': 2.08, 'critical_lacks': -4.144, 'power_has': 0.55, 'power_lacks': 0.38, 'verdict': 'lacks', 'precision_mm': 'best at -30 mm'}} 0.1s
gourlin   ctx B C:treble:1691-8037 (bar 2–20)                    {'treble': {'rows': 0, 'gain': 0.0, 'design': "group changes no row of this file's model", 'verdict': 'no rows', 'precision_mm': None}} 0.0s
gourlin   ctx B C:treble:2776-2892 (bar 6–7)                     {'treble': {'rows': 1, 'gain': 0.12, 'critical_has': 0.367, 'critical_lacks': -0.182, 'power_has': 0.18, 'power_lacks': 0.2, 'verdict': 'undecided', 'precision_mm': '>= 30'}} 0.1s
gourlin   ctx B C:treble:3062-3076 (bar 7–7)                     {'treble': {'rows': 2, 'gain': -0.23, 'critical_has': 0.741, 'critical_lacks': -0.487, 'power_has': 0.1, 'power_lacks': 0.17, 'verdict': 'undecided', 'precision_mm': '>= 30'}} 0.1s
gourlin   ctx B C:treble:3252-3270 (bar 8–8)                     {'treble': {'rows': 2, 'gain': -0.465, 'critical_has': 0.714, 'critical_lacks': -0.4, 'power_has': 0.1, 'power_lacks': 0.35, 'verdict': 'lacks', 'precision_mm': 'best at +17 mm'}} 0.1s
gourlin   ctx B C:treble:3865-3888 (bar 2′–3′)                   {'treble': {'rows': 1, 'gain': -0.523, 'critical_has': 0.636, 'critical_lacks': -0.576, 'power_has': 0.17, 'power_lacks': 0.25, 'verdict': 'undecided', 'precision_mm': 'best at +18 mm'}} 0.1s
gourlin   ctx B C:treble:4816-5253 (bar 6′–8′)                   {'treble': {'rows': 8, 'gain': -1.383, 'critical_has': 1.633, 'critical_lacks': -1.345, 'power_has': 0.12, 'power_lacks': 0.27, 'verdict': 'lacks', 'precision_mm': 'best at +30 mm'}} 0.1s
gourlin   ctx B C:treble:5605-5605 (bar 10–10)                   {'treble': {'rows': 6, 'gain': -1.982, 'critical_has': 1.788, 'critical_lacks': -0.893, 'power_has': 0.2, 'power_lacks': 0.58, 'verdict': 'lacks', 'precision_mm': 'best at -31 mm'}} 0.1s
gourlin   ctx B C:treble:6608-7072 (bar 14–16)                   {'treble': {'rows': 12, 'gain': -0.465, 'critical_has': 1.491, 'critical_lacks': -1.108, 'power_has': 0.17, 'power_lacks': 0.27, 'verdict': 'undecided', 'precision_mm': '>= 30'}} 0.1s
gourlin   ctx B C:treble:7739-7843 (bar 18–19)                   {'treble': {'rows': 4, 'gain': -0.886, 'critical_has': 1.09, 'critical_lacks': -0.65, 'power_has': 0.15, 'power_lacks': 0.33, 'verdict': 'lacks', 'precision_mm': 'best at +30 mm'}} 0.1s
gourlin   ctx B C:treble:8534-8605 (bar 22–22)                   {'treble': {'rows': 2, 'gain': -0.437, 'critical_has': 0.51, 'critical_lacks': -0.399, 'power_has': 0.07, 'power_lacks': 0.18, 'verdict': 'lacks', 'precision_mm': 16.9}} 0.1s
gourlin   ctx B C:treble:8953-8968 (bar 23–23)                   {'treble': {'rows': 1, 'gain': -0.044, 'critical_has': 0.776, 'critical_lacks': -0.331, 'power_has': 0.12, 'power_lacks': 0.27, 'verdict': 'undecided', 'precision_mm': 'best at +29 mm'}} 0.1s
gourlin   ctx B C:treble:9151-9163 (bar 23–23)                   {'treble': {'rows': 1, 'gain': -0.32, 'critical_has': 0.518, 'critical_lacks': -0.51, 'power_has': 0.08, 'power_lacks': 0.02, 'verdict': 'undecided', 'precision_mm': 'best at -28 mm'}} 0.1s
gourlin   ctx B B1:bass:1419-1438 (bar upbeat–upbeat)            {'bass': {'rows': 1, 'gain': 1.858, 'critical_has': 1.565, 'critical_lacks': -1.278, 'power_has': 0.25, 'power_lacks': 0.5, 'verdict': 'has', 'precision_mm': '>= 31'}} 0.1s
gourlin   ctx B B1:bass:7365-7365 (bar 17–17)                    {'bass': {'rows': 0, 'gain': 0.0, 'design': "group changes no row of this file's model", 'verdict': 'no rows', 'precision_mm': None}} 0.1s
gourlin   ctx B A1:bass:1737-1753 (bar 2–2)                      {'bass': {'rows': 2, 'gain': -1.169, 'critical_has': 1.04, 'critical_lacks': -1.11, 'power_has': 0.23, 'power_lacks': 0.6, 'verdict': 'lacks', 'precision_mm': 'best at -32 mm'}} 0.1s
gourlin   ctx B A1:bass:2149-2275 (bar 3–4)                      {'bass': {'rows': 3, 'gain': -1.819, 'critical_has': 3.327, 'critical_lacks': 0.635, 'power_has': 0.75, 'power_lacks': 0.87, 'verdict': 'lacks', 'precision_mm': 3.7}} 0.1s
gourlin   ctx B A1:bass:3796-3796 (bar 2′–2′)                    {'bass': {'rows': 2, 'gain': -0.378, 'critical_has': 1.234, 'critical_lacks': -3.443, 'power_has': 0.1, 'power_lacks': 0.07, 'verdict': 'undecided', 'precision_mm': '>= 30'}} 0.1s
gourlin   ctx B A1:bass:4056-4067 (bar 3′–3′)                    {'bass': {'rows': 3, 'gain': -17.92, 'critical_has': -6.562, 'critical_lacks': 2.758, 'power_has': 0.98, 'power_lacks': 1.0, 'verdict': 'lacks', 'precision_mm': 'best at +18 mm'}} 0.1s
gourlin   ctx B A1:bass:5363-5583 (bar 8′–9)                     {'bass': {'rows': 6, 'gain': -8.84, 'critical_has': -4.085, 'critical_lacks': 1.106, 'power_has': 0.97, 'power_lacks': 0.97, 'verdict': 'lacks', 'precision_mm': 0.0}} 0.1s
gourlin   ctx B A1:bass:7924-8040 (bar 19–20)                    {'bass': {'rows': 12, 'gain': -62.774, 'critical_has': -6.892, 'critical_lacks': 4.965, 'power_has': 1.0, 'power_lacks': 0.98, 'verdict': 'lacks', 'precision_mm': 'best at +30 mm'}} 0.1s
gourlin   ctx B A1:bass:8543-8628 (bar 22–22)                    {'bass': {'rows': 3, 'gain': -0.171, 'critical_has': 4.897, 'critical_lacks': -1.344, 'power_has': 0.12, 'power_lacks': 0.67, 'verdict': 'undecided', 'precision_mm': '>= 29'}} 0.1s
gourlin   ctx B A1:soft:5507-5667 (bar 9–10)                     {'bass': {'rows': 2, 'gain': 0.0, 'critical_has': 0.408, 'critical_lacks': -1.191, 'power_has': 0.15, 'power_lacks': 0.07, 'verdict': 'undecided', 'precision_mm': 'best at +18 mm'}, 'treble': {'rows': 4, 'gain': 0.0, 'critical_has': 0.161, 'critical_lacks': -1.922, 'power_has': 0.45, 'power_lacks': 0.27, 'verdict': 'undecided', 'precision_mm': '>= 31'}} 0.9s
gourlin   ctx B A1:soft:6250-6250 (bar 13–13)                    {'bass': {'rows': 2, 'gain': 0.0, 'critical_has': 0.196, 'critical_lacks': -0.123, 'power_has': 0.05, 'power_lacks': 0.03, 'verdict': 'undecided', 'precision_mm': 'best at -17 mm'}, 'treble': {'rows': 1, 'gain': 0.217, 'critical_has': 0.052, 'critical_lacks': -1.776, 'power_has': 0.35, 'power_lacks': 0.22, 'verdict': 'has', 'precision_mm': '>= 30'}} 0.9s
gourlin   ctx B A1:treble:1964-2112 (bar 3–3)                    {'treble': {'rows': 6, 'gain': 5.891, 'critical_has': 2.301, 'critical_lacks': -1.016, 'power_has': 0.28, 'power_lacks': 0.58, 'verdict': 'has', 'precision_mm': 0.0}} 0.1s
gourlin   ctx B A1:treble:2636-2685 (bar 6–6)                    {'treble': {'rows': 3, 'gain': -0.911, 'critical_has': 1.325, 'critical_lacks': -0.801, 'power_has': 0.22, 'power_lacks': 0.55, 'verdict': 'lacks', 'precision_mm': 11.1}} 0.1s
gourlin   ctx B A1:treble:2864-2873 (bar 7–7)                    {'treble': {'rows': 3, 'gain': 0.488, 'critical_has': 0.495, 'critical_lacks': -0.474, 'power_has': 0.43, 'power_lacks': 0.27, 'verdict': 'undecided', 'precision_mm': '>= 30'}} 0.1s
gourlin   ctx B A1:treble:4561-4645 (bar 6′–6′)                  {'treble': {'rows': 4, 'gain': -1.142, 'critical_has': 2.408, 'critical_lacks': -0.596, 'power_has': 0.15, 'power_lacks': 0.57, 'verdict': 'lacks', 'precision_mm': 'best at -31 mm'}} 0.1s
gourlin   ctx B A1:treble:5547-5589 (bar 9–10)                   {'treble': {'rows': 13, 'gain': -12.327, 'critical_has': 3.629, 'critical_lacks': -0.932, 'power_has': 0.53, 'power_lacks': 0.85, 'verdict': 'lacks', 'precision_mm': 'best at -17 mm'}} 0.1s
gourlin   ctx B A1:treble:5868-5892 (bar 11–11)                  {'treble': {'rows': 0, 'gain': 0.0, 'design': "group changes no row of this file's model", 'verdict': 'no rows', 'precision_mm': '>= 31'}} 0.1s
gourlin   ctx B A1:treble:6216-6458 (bar 12–13)                  {'treble': {'rows': 0, 'gain': 0.0, 'design': "group changes no row of this file's model", 'verdict': 'no rows', 'precision_mm': 'best at -30 mm'}} 0.1s
gourlin   ctx B A1:treble:7524-7568 (bar 18–18)                  {'treble': {'rows': 0, 'gain': 0.0, 'design': "group changes no row of this file's model", 'verdict': 'no rows', 'precision_mm': '>= 29'}} 0.1s
gourlin   ctx B A1:treble:7993-7993 (bar 19–19)                  {'treble': {'rows': 0, 'gain': 0.0, 'design': "group changes no row of this file's model", 'verdict': 'no rows', 'precision_mm': 'best at -30 mm'}} 0.1s
gourlin   ctx B A1:treble:8449-8550 (bar 21–22)                  {'treble': {'rows': 4, 'gain': -8.005, 'critical_has': 3.71, 'critical_lacks': -0.283, 'power_has': 0.42, 'power_lacks': 0.85, 'verdict': 'lacks', 'precision_mm': 'best at +30 mm'}} 0.1s
gourlin   ctx B A1:treble:9085-9085 (bar 23–23)                  {'treble': {'rows': 1, 'gain': -0.476, 'critical_has': 0.806, 'critical_lacks': -0.586, 'power_has': 0.12, 'power_lacks': 0.1, 'verdict': 'undecided', 'precision_mm': 'best at +16 mm'}} 0.1s
gourlin   ctx B A1:treble:10060-10060 (bar 24–24)                {'treble': {'rows': 0, 'gain': 0.0, 'design': "group changes no row of this file's model", 'verdict': 'no rows', 'precision_mm': None}} 0.1s
gourlin   ctx B D1:bass:1145-1243 (bar upbeat–upbeat)            {'bass': {'rows': 0, 'gain': 0.0, 'design': "group changes no row of this file's model", 'verdict': 'no rows', 'precision_mm': None}} 0.1s
gourlin   ctx B D1:soft:6338-6338 (bar 13–13)                    {'bass': {'rows': 0, 'gain': 0.0, 'design': "group changes no row of this file's model", 'verdict': 'no rows', 'precision_mm': None}, 'treble': {'rows': 0, 'gain': 0.0, 'design': "group changes no row of this file's model", 'verdict': 'no rows', 'precision_mm': None}} 0.0s
gourlin   ctx C B:bass:1483-1609 (bar 1–1)                       {'bass': {'rows': 0, 'gain': 0.0}} 0.1s
gourlin   ctx C B:bass:2136-2568 (bar 3–5)                       {'bass': {'rows': 6, 'gain': 4.204}} 0.1s
gourlin   ctx C B:bass:3361-3547 (bar 8–1′)                      {'bass': {'rows': 4, 'gain': 6.222}} 0.1s
gourlin   ctx C B:bass:3806-3806 (bar 2′–2′)                     {'bass': {'rows': 2, 'gain': 1.12}} 0.1s
gourlin   ctx C B:bass:4047-4483 (bar 3′–5′)                     {'bass': {'rows': 11, 'gain': 16.243}} 0.1s
gourlin   ctx C B:bass:4814-4909 (bar 6′–7′)                     {'bass': {'rows': 4, 'gain': 2.061}} 0.1s
gourlin   ctx C B:bass:5341-5878 (bar 8′–11)                     {'bass': {'rows': 15, 'gain': 73.958}} 0.1s
gourlin   ctx C B:bass:6079-6234 (bar 12–13)                     {'bass': {'rows': 5, 'gain': 17.385}} 0.1s
gourlin   ctx C B:bass:7256-7396 (bar 16–17)                     {'bass': {'rows': 0, 'gain': 0.0}} 0.1s
gourlin   ctx C B:bass:7939-8425 (bar 19–21)                     {'bass': {'rows': 10, 'gain': -10.223}} 0.1s
gourlin   ctx C B:bass:8553-8568 (bar 22–22)                     {'bass': {'rows': 3, 'gain': 2.192}} 0.1s
gourlin   ctx C B:bass:9198-9210 (bar 23–23)                     {'bass': {'rows': 2, 'gain': 0.196}} 0.1s
gourlin   ctx C B:bass:9420-9673 (bar 24–24)                     {'bass': {'rows': 6, 'gain': 2.902}} 0.1s
gourlin   ctx C B:soft:5316-5316 (bar 8′–8′)                     {'bass': {'rows': 13, 'gain': 0.0}, 'treble': {'rows': 12, 'gain': 2.434}} 0.1s
gourlin   ctx C B:soft:5771-5771 (bar 10–10)                     {'bass': {'rows': 20, 'gain': 0.0}, 'treble': {'rows': 8, 'gain': 0.076}} 0.1s
gourlin   ctx C B:treble:1709-1759 (bar 2–2)                     {'treble': {'rows': 12, 'gain': -7.147}} 0.1s
gourlin   ctx C B:treble:1932-2163 (bar 2–3)                     {'treble': {'rows': 12, 'gain': 3.926}} 0.1s
gourlin   ctx C B:treble:2569-2678 (bar 5–6)                     {'treble': {'rows': 6, 'gain': 3.458}} 0.1s
gourlin   ctx C B:treble:3926-4074 (bar 3′–3′)                   {'treble': {'rows': 8, 'gain': 0.224}} 0.1s
gourlin   ctx C B:treble:4580-4603 (bar 6′–6′)                   {'treble': {'rows': 1, 'gain': -0.095}} 0.1s
gourlin   ctx C B:treble:5535-5979 (bar 9–11)                    {'treble': {'rows': 11, 'gain': 1.193}} 0.1s
gourlin   ctx C B:treble:6182-6182 (bar 12–12)                   {'treble': {'rows': 3, 'gain': 1.249}} 0.1s
gourlin   ctx C B:treble:6339-6503 (bar 13–14)                   {'treble': {'rows': 13, 'gain': 4.143}} 0.1s
gourlin   ctx C B:treble:7431-7686 (bar 17–18)                   {'treble': {'rows': 21, 'gain': 33.422}} 0.1s
gourlin   ctx C B:treble:7952-8020 (bar 19–20)                   {'treble': {'rows': 7, 'gain': 0.691}} 0.1s
gourlin   ctx C B:treble:8438-8498 (bar 21–21)                   {'treble': {'rows': 7, 'gain': 4.497}} 0.1s
gourlin   ctx C B:treble:8753-9054 (bar 22–23)                   {'treble': {'rows': 4, 'gain': -0.194}} 0.1s
gourlin   ctx C B:treble:9213-9222 (bar 23–23)                   {'treble': {'rows': 1, 'gain': -0.169}} 0.1s
gourlin   ctx C C:bass:1433-1473 (bar upbeat–Auftakt)            {'bass': {'rows': 2, 'gain': 0.926}} 0.1s
gourlin   ctx C C:bass:1875-2077 (bar 2–3)                       {'bass': {'rows': 7, 'gain': -2.55}} 0.1s
gourlin   ctx C C:bass:2231-2475 (bar 4–5)                       {'bass': {'rows': 4, 'gain': 0.266}} 0.1s
gourlin   ctx C C:bass:2659-2671 (bar 6–6)                       {'bass': {'rows': 2, 'gain': -0.368}} 0.1s
gourlin   ctx C C:bass:2853-3109 (bar 6–8)                       {'bass': {'rows': 8, 'gain': -1.158}} 0.1s
gourlin   ctx C C:bass:3252-3263 (bar 8–8)                       {'bass': {'rows': 2, 'gain': -0.302}} 0.1s
gourlin   ctx C C:bass:3863-3938 (bar 2′–3′)                     {'bass': {'rows': 4, 'gain': -1.191}} 0.1s
gourlin   ctx C C:bass:4281-4286 (bar 4′–4′)                     {'bass': {'rows': 0, 'gain': 0.0}} 0.1s
gourlin   ctx C C:bass:5036-5175 (bar 7′–8′)                     {'bass': {'rows': 3, 'gain': -0.553}} 0.1s
gourlin   ctx C C:bass:6475-7227 (bar 14–16)                     {'bass': {'rows': 14, 'gain': -22.659}} 0.1s
gourlin   ctx C C:bass:7672-7880 (bar 18–19)                     {'bass': {'rows': 7, 'gain': -1.174}} 0.1s
gourlin   ctx C C:bass:8210-8216 (bar 20–20)                     {'bass': {'rows': 2, 'gain': -2.975}} 0.1s
gourlin   ctx C C:bass:8867-9156 (bar 22–23)                     {'bass': {'rows': 10, 'gain': -1.955}} 0.1s
gourlin   ctx C C:treble:1691-8037 (bar 2–20)                    {'treble': {'rows': 0, 'gain': 0.0}} 0.0s
gourlin   ctx C C:treble:2776-2892 (bar 6–7)                     {'treble': {'rows': 1, 'gain': 0.123}} 0.1s
gourlin   ctx C C:treble:3062-3076 (bar 7–7)                     {'treble': {'rows': 2, 'gain': -0.185}} 0.1s
gourlin   ctx C C:treble:3252-3270 (bar 8–8)                     {'treble': {'rows': 2, 'gain': -0.405}} 0.1s
gourlin   ctx C C:treble:3865-3888 (bar 2′–3′)                   {'treble': {'rows': 1, 'gain': -0.458}} 0.1s
gourlin   ctx C C:treble:4816-5253 (bar 6′–8′)                   {'treble': {'rows': 8, 'gain': -1.174}} 0.2s
gourlin   ctx C C:treble:5605-5605 (bar 10–10)                   {'treble': {'rows': 4, 'gain': 0.068}} 0.1s
gourlin   ctx C C:treble:6608-7072 (bar 14–16)                   {'treble': {'rows': 12, 'gain': -0.346}} 0.1s
gourlin   ctx C C:treble:7739-7843 (bar 18–19)                   {'treble': {'rows': 4, 'gain': -0.761}} 0.1s
gourlin   ctx C C:treble:8534-8605 (bar 22–22)                   {'treble': {'rows': 2, 'gain': -0.38}} 0.1s
gourlin   ctx C C:treble:8953-8968 (bar 23–23)                   {'treble': {'rows': 1, 'gain': -0.024}} 0.1s
gourlin   ctx C C:treble:9151-9163 (bar 23–23)                   {'treble': {'rows': 1, 'gain': -0.279}} 0.1s
gourlin   ctx C B1:bass:1419-1438 (bar upbeat–upbeat)            {'bass': {'rows': 1, 'gain': -0.211}} 0.1s
gourlin   ctx C B1:bass:7365-7365 (bar 17–17)                    {'bass': {'rows': 0, 'gain': 0.0}} 0.1s
gourlin   ctx C A1:bass:1737-1753 (bar 2–2)                      {'bass': {'rows': 2, 'gain': -0.426}} 0.1s
gourlin   ctx C A1:bass:2149-2275 (bar 3–4)                      {'bass': {'rows': 4, 'gain': 1.215}} 0.1s
gourlin   ctx C A1:bass:3796-3796 (bar 2′–2′)                    {'bass': {'rows': 2, 'gain': -0.036}} 0.1s
gourlin   ctx C A1:bass:4056-4067 (bar 3′–3′)                    {'bass': {'rows': 3, 'gain': -8.689}} 0.1s
gourlin   ctx C A1:bass:5363-5583 (bar 8′–9)                     {'bass': {'rows': 8, 'gain': -13.491}} 0.1s
gourlin   ctx C A1:bass:7924-8040 (bar 19–20)                    {'bass': {'rows': 11, 'gain': -34.116}} 0.1s
gourlin   ctx C A1:bass:8543-8628 (bar 22–22)                    {'bass': {'rows': 3, 'gain': 0.562}} 0.1s
gourlin   ctx C A1:soft:5507-5667 (bar 9–10)                     {'bass': {'rows': 2, 'gain': 0.007}, 'treble': {'rows': 4, 'gain': 0.0}} 0.2s
gourlin   ctx C A1:soft:6250-6250 (bar 13–13)                    {'bass': {'rows': 2, 'gain': 0.0}, 'treble': {'rows': 1, 'gain': 0.206}} 0.2s
gourlin   ctx C A1:treble:1964-2112 (bar 3–3)                    {'treble': {'rows': 6, 'gain': 5.676}} 0.1s
gourlin   ctx C A1:treble:2636-2685 (bar 6–6)                    {'treble': {'rows': 3, 'gain': -0.689}} 0.1s
gourlin   ctx C A1:treble:2864-2873 (bar 7–7)                    {'treble': {'rows': 12, 'gain': -5.525}} 0.1s
gourlin   ctx C A1:treble:4561-4645 (bar 6′–6′)                  {'treble': {'rows': 4, 'gain': -0.952}} 0.1s
gourlin   ctx C A1:treble:5547-5589 (bar 9–10)                   {'treble': {'rows': 2, 'gain': -0.054}} 0.1s
gourlin   ctx C A1:treble:5868-5892 (bar 11–11)                  {'treble': {'rows': 0, 'gain': 0.0}} 0.1s
gourlin   ctx C A1:treble:6216-6458 (bar 12–13)                  {'treble': {'rows': 0, 'gain': 0.0}} 0.1s
gourlin   ctx C A1:treble:7524-7568 (bar 18–18)                  {'treble': {'rows': 0, 'gain': 0.0}} 0.1s
gourlin   ctx C A1:treble:7993-7993 (bar 19–19)                  {'treble': {'rows': 0, 'gain': 0.0}} 0.1s
gourlin   ctx C A1:treble:8449-8550 (bar 21–22)                  {'treble': {'rows': 4, 'gain': -8.839}} 0.1s
gourlin   ctx C A1:treble:9085-9085 (bar 23–23)                  {'treble': {'rows': 1, 'gain': -0.416}} 0.1s
gourlin   ctx C A1:treble:10060-10060 (bar 24–24)                {'treble': {'rows': 0, 'gain': 0.0}} 0.1s
gourlin   ctx C D1:bass:1145-1243 (bar upbeat–upbeat)            {'bass': {'rows': 0, 'gain': 0.0}} 0.1s
gourlin   ctx C D1:soft:6338-6338 (bar 13–13)                    {'bass': {'rows': 0, 'gain': 0.0}, 'treble': {'rows': 0, 'gain': 0.0}} 0.0s
phillipsL ctx B B:bass:1483-1609 (bar 1–1)                       {'bass': {'rows': 0, 'gain': 0.0, 'design': "group changes no row of this file's model", 'verdict': 'no rows', 'precision_mm': 'best at -31 mm'}} 0.1s
phillipsL ctx B B:bass:2136-2568 (bar 3–5)                       {'bass': {'rows': 5, 'gain': 2.874, 'critical_has': -0.979, 'critical_lacks': 1.712, 'power_has': 1.0, 'power_lacks': 0.98, 'verdict': 'has', 'precision_mm': 'best at -18 mm'}} 0.1s
phillipsL ctx B B:bass:3361-3547 (bar 8–1′)                      {'bass': {'rows': 4, 'gain': 5.906, 'critical_has': 0.756, 'critical_lacks': 0.248, 'power_has': 0.92, 'power_lacks': 0.93, 'verdict': 'has', 'precision_mm': 8.6}} 0.1s
phillipsL ctx B B:bass:3806-3806 (bar 2′–2′)                     {'bass': {'rows': 1, 'gain': 1.351, 'critical_has': 1.065, 'critical_lacks': -0.705, 'power_has': 0.23, 'power_lacks': 0.63, 'verdict': 'has', 'precision_mm': 17.8}} 0.1s
phillipsL ctx B B:bass:4047-4483 (bar 3′–5′)                     {'bass': {'rows': 8, 'gain': 14.583, 'critical_has': -3.199, 'critical_lacks': 4.656, 'power_has': 1.0, 'power_lacks': 0.98, 'verdict': 'has', 'precision_mm': 5.7}} 0.1s
phillipsL ctx B B:bass:4814-4909 (bar 6′–7′)                     {'bass': {'rows': 4, 'gain': 2.457, 'critical_has': 0.36, 'critical_lacks': -0.862, 'power_has': 0.87, 'power_lacks': 0.88, 'verdict': 'has', 'precision_mm': 8.9}} 0.1s
phillipsL ctx B B:bass:5341-5878 (bar 8′–11)                     {'bass': {'rows': 13, 'gain': 40.858, 'critical_has': -17.542, 'critical_lacks': 26.163, 'power_has': 1.0, 'power_lacks': 1.0, 'verdict': 'has', 'precision_mm': 2.3}} 0.1s
phillipsL ctx B B:bass:6079-6234 (bar 12–13)                     {'bass': {'rows': 4, 'gain': 17.768, 'critical_has': -6.91, 'critical_lacks': 10.691, 'power_has': 1.0, 'power_lacks': 1.0, 'verdict': 'has', 'precision_mm': 1.1}} 0.1s
phillipsL ctx B B:bass:7256-7396 (bar 16–17)                     {'bass': {'rows': 0, 'gain': 0.0, 'design': "group changes no row of this file's model", 'verdict': 'no rows', 'precision_mm': 'best at -18 mm'}} 0.1s
phillipsL ctx B B:bass:7939-8425 (bar 19–21)                     {'bass': {'rows': 10, 'gain': -13.469, 'critical_has': -2.456, 'critical_lacks': 4.105, 'power_has': 1.0, 'power_lacks': 1.0, 'verdict': 'lacks', 'precision_mm': 8.0}} 0.1s
phillipsL ctx B B:bass:8553-8568 (bar 22–22)                     {'bass': {'rows': 2, 'gain': 0.952, 'critical_has': 2.716, 'critical_lacks': -2.137, 'power_has': 0.15, 'power_lacks': 0.07, 'verdict': 'undecided', 'precision_mm': '>= 31'}} 0.1s
phillipsL ctx B B:bass:9198-9210 (bar 23–23)                     {'bass': {'rows': 1, 'gain': 0.059, 'critical_has': 0.543, 'critical_lacks': -0.422, 'power_has': 0.1, 'power_lacks': 0.15, 'verdict': 'undecided', 'precision_mm': '>= 32'}} 0.1s
phillipsL ctx B B:bass:9420-9673 (bar 24–24)                     {'bass': {'rows': 6, 'gain': 0.653, 'critical_has': 0.939, 'critical_lacks': 0.607, 'power_has': 0.9, 'power_lacks': 0.92, 'verdict': 'undecided', 'precision_mm': 9.2}} 0.1s
phillipsL ctx B B:soft:5316-5316 (bar 8′–8′)                     {'bass': {'rows': 13, 'gain': -0.281, 'critical_has': 3.595, 'critical_lacks': -5.714, 'power_has': 0.05, 'power_lacks': 0.0, 'verdict': 'undecided', 'precision_mm': 'best at -31 mm'}, 'treble': {'rows': 12, 'gain': 0.807, 'critical_has': 1.099, 'critical_lacks': 0.192, 'power_has': 0.78, 'power_lacks': 0.75, 'verdict': 'undecided', 'precision_mm': 'best at -31 mm'}} 1.0s
phillipsL ctx B B:soft:5771-5771 (bar 10–10)                     {'bass': {'rows': 20, 'gain': 0.0, 'critical_has': 0.883, 'critical_lacks': -2.396, 'power_has': 0.07, 'power_lacks': 0.03, 'verdict': 'undecided', 'precision_mm': 'best at -31 mm'}, 'treble': {'rows': 8, 'gain': 0.007, 'critical_has': -0.043, 'critical_lacks': -2.313, 'power_has': 0.78, 'power_lacks': 0.3, 'verdict': 'has', 'precision_mm': '>= 31'}} 0.9s
phillipsL ctx B B:treble:1709-1759 (bar 2–2)                     {'treble': {'rows': 3, 'gain': 4.703, 'critical_has': -1.525, 'critical_lacks': -1.898, 'power_has': 0.92, 'power_lacks': 0.92, 'verdict': 'has', 'precision_mm': 13.3}} 0.1s
phillipsL ctx B B:treble:1932-2163 (bar 2–3)                     {'treble': {'rows': 10, 'gain': 2.352, 'critical_has': 1.772, 'critical_lacks': -1.204, 'power_has': 0.25, 'power_lacks': 0.38, 'verdict': 'has', 'precision_mm': 'best at -30 mm'}} 0.1s
phillipsL ctx B B:treble:2569-2678 (bar 5–6)                     {'treble': {'rows': 7, 'gain': 13.626, 'critical_has': -4.99, 'critical_lacks': 0.266, 'power_has': 0.98, 'power_lacks': 0.98, 'verdict': 'has', 'precision_mm': 13.1}} 0.1s
phillipsL ctx B B:treble:3926-4074 (bar 3′–3′)                   {'treble': {'rows': 4, 'gain': -0.033, 'critical_has': 1.431, 'critical_lacks': -0.715, 'power_has': 0.08, 'power_lacks': 0.18, 'verdict': 'undecided', 'precision_mm': 'best at -31 mm'}} 0.1s
phillipsL ctx B B:treble:4580-4603 (bar 6′–6′)                   {'treble': {'rows': 1, 'gain': 0.069, 'critical_has': 0.445, 'critical_lacks': -0.358, 'power_has': 0.08, 'power_lacks': 0.05, 'verdict': 'undecided', 'precision_mm': 'best at -32 mm'}} 0.1s
phillipsL ctx B B:treble:5535-5979 (bar 9–11)                    {'treble': {'rows': 11, 'gain': 2.821, 'critical_has': 4.436, 'critical_lacks': 0.084, 'power_has': 0.53, 'power_lacks': 0.88, 'verdict': 'undecided', 'precision_mm': 1.1}} 0.1s
phillipsL ctx B B:treble:6182-6182 (bar 12–12)                   {'treble': {'rows': 2, 'gain': 1.217, 'critical_has': 1.162, 'critical_lacks': -0.577, 'power_has': 0.43, 'power_lacks': 0.73, 'verdict': 'has', 'precision_mm': 'best at -18 mm'}} 0.1s
phillipsL ctx B B:treble:6339-6503 (bar 13–14)                   {'treble': {'rows': 10, 'gain': 3.125, 'critical_has': -1.451, 'critical_lacks': -0.236, 'power_has': 0.97, 'power_lacks': 0.97, 'verdict': 'has', 'precision_mm': '>= 32'}} 0.1s
phillipsL ctx B B:treble:7431-7686 (bar 17–18)                   {'treble': {'rows': 21, 'gain': 86.768, 'critical_has': -43.939, 'critical_lacks': 22.319, 'power_has': 1.0, 'power_lacks': 1.0, 'verdict': 'has', 'precision_mm': 'best at +18 mm'}} 0.1s
phillipsL ctx B B:treble:7952-8020 (bar 19–20)                   {'treble': {'rows': 7, 'gain': -2.086, 'critical_has': 0.486, 'critical_lacks': -0.742, 'power_has': 0.92, 'power_lacks': 0.85, 'verdict': 'lacks', 'precision_mm': 'best at +32 mm'}} 0.1s
phillipsL ctx B B:treble:8438-8498 (bar 21–21)                   {'treble': {'rows': 7, 'gain': 30.298, 'critical_has': -4.667, 'critical_lacks': 3.397, 'power_has': 1.0, 'power_lacks': 1.0, 'verdict': 'has', 'precision_mm': '>= 32'}} 0.1s
phillipsL ctx B B:treble:8753-9054 (bar 22–23)                   {'treble': {'rows': 4, 'gain': 0.194, 'critical_has': 0.731, 'critical_lacks': -0.542, 'power_has': 0.1, 'power_lacks': 0.13, 'verdict': 'undecided', 'precision_mm': 'best at +32 mm'}} 0.1s
phillipsL ctx B B:treble:9213-9222 (bar 23–23)                   {'treble': {'rows': 1, 'gain': -0.205, 'critical_has': 0.38, 'critical_lacks': -0.301, 'power_has': 0.08, 'power_lacks': 0.1, 'verdict': 'undecided', 'precision_mm': 'best at -32 mm'}} 0.1s
phillipsL ctx B C:bass:1433-1473 (bar upbeat–Auftakt)            {'bass': {'rows': 1, 'gain': -0.882, 'critical_has': 0.461, 'critical_lacks': -0.463, 'power_has': 0.12, 'power_lacks': 0.37, 'verdict': 'lacks', 'precision_mm': 'best at -30 mm'}} 0.1s
phillipsL ctx B C:bass:1875-2077 (bar 2–3)                       {'bass': {'rows': 7, 'gain': -3.723, 'critical_has': 1.439, 'critical_lacks': -4.303, 'power_has': 0.67, 'power_lacks': 0.25, 'verdict': 'undecided', 'precision_mm': 'best at +17 mm'}} 0.1s
phillipsL ctx B C:bass:2231-2475 (bar 4–5)                       {'bass': {'rows': 4, 'gain': 0.603, 'critical_has': 2.801, 'critical_lacks': -0.236, 'power_has': 0.05, 'power_lacks': 0.75, 'verdict': 'undecided', 'precision_mm': 0.0}} 0.1s
phillipsL ctx B C:bass:2659-2671 (bar 6–6)                       {'bass': {'rows': 2, 'gain': -0.582, 'critical_has': 1.833, 'critical_lacks': -0.702, 'power_has': 0.05, 'power_lacks': 0.38, 'verdict': 'undecided', 'precision_mm': '>= 31'}} 0.1s
phillipsL ctx B C:bass:2853-3109 (bar 6–8)                       {'bass': {'rows': 8, 'gain': -1.768, 'critical_has': 1.13, 'critical_lacks': -1.043, 'power_has': 0.63, 'power_lacks': 0.73, 'verdict': 'lacks', 'precision_mm': '>= 30'}} 0.1s
phillipsL ctx B C:bass:3252-3263 (bar 8–8)                       {'bass': {'rows': 2, 'gain': -0.737, 'critical_has': 0.684, 'critical_lacks': -0.651, 'power_has': 0.17, 'power_lacks': 0.48, 'verdict': 'lacks', 'precision_mm': 'best at +17 mm'}} 0.1s
phillipsL ctx B C:bass:3863-3938 (bar 2′–3′)                     {'bass': {'rows': 4, 'gain': -2.043, 'critical_has': 2.562, 'critical_lacks': -2.687, 'power_has': 0.2, 'power_lacks': 0.28, 'verdict': 'undecided', 'precision_mm': 'best at +18 mm'}} 0.1s
phillipsL ctx B C:bass:4281-4286 (bar 4′–4′)                     {'bass': {'rows': 0, 'gain': 0.0, 'design': "group changes no row of this file's model", 'verdict': 'no rows', 'precision_mm': 1.1}} 0.1s
phillipsL ctx B C:bass:5036-5175 (bar 7′–8′)                     {'bass': {'rows': 3, 'gain': -0.512, 'critical_has': 1.316, 'critical_lacks': -1.241, 'power_has': 0.2, 'power_lacks': 0.28, 'verdict': 'undecided', 'precision_mm': 'best at +18 mm'}} 0.1s
phillipsL ctx B C:bass:6475-7227 (bar 14–16)                     {'bass': {'rows': 14, 'gain': -26.006, 'critical_has': -8.879, 'critical_lacks': 2.473, 'power_has': 1.0, 'power_lacks': 1.0, 'verdict': 'lacks', 'precision_mm': 'best at -32 mm'}} 0.1s
phillipsL ctx B C:bass:7672-7880 (bar 18–19)                     {'bass': {'rows': 7, 'gain': -1.826, 'critical_has': 1.355, 'critical_lacks': -0.956, 'power_has': 0.53, 'power_lacks': 0.72, 'verdict': 'lacks', 'precision_mm': 'best at -18 mm'}} 0.1s
phillipsL ctx B C:bass:8210-8216 (bar 20–20)                     {'bass': {'rows': 1, 'gain': -7.398, 'critical_has': -3.021, 'critical_lacks': 4.315, 'power_has': 0.98, 'power_lacks': 1.0, 'verdict': 'lacks', 'precision_mm': 'best at -18 mm'}} 0.1s
phillipsL ctx B C:bass:8867-9156 (bar 22–23)                     {'bass': {'rows': 9, 'gain': -3.376, 'critical_has': 3.299, 'critical_lacks': -2.62, 'power_has': 0.17, 'power_lacks': 0.28, 'verdict': 'lacks', 'precision_mm': 'best at -32 mm'}} 0.1s
phillipsL ctx B C:treble:1691-8037 (bar 2–20)                    {'treble': {'rows': 0, 'gain': 0.0, 'design': "group changes no row of this file's model", 'verdict': 'no rows', 'precision_mm': None}} 0.0s
phillipsL ctx B C:treble:2776-2892 (bar 6–7)                     {'treble': {'rows': 1, 'gain': 0.308, 'critical_has': 0.352, 'critical_lacks': -0.281, 'power_has': 0.02, 'power_lacks': 0.05, 'verdict': 'undecided', 'precision_mm': '>= 30'}} 0.1s
phillipsL ctx B C:treble:3062-3076 (bar 7–7)                     {'treble': {'rows': 2, 'gain': -0.18, 'critical_has': 0.842, 'critical_lacks': -0.488, 'power_has': 0.07, 'power_lacks': 0.08, 'verdict': 'undecided', 'precision_mm': '>= 30'}} 0.1s
phillipsL ctx B C:treble:3252-3270 (bar 8–8)                     {'treble': {'rows': 2, 'gain': -0.474, 'critical_has': 0.565, 'critical_lacks': -0.477, 'power_has': 0.18, 'power_lacks': 0.22, 'verdict': 'undecided', 'precision_mm': 'best at -29 mm'}} 0.1s
phillipsL ctx B C:treble:3865-3888 (bar 2′–3′)                   {'treble': {'rows': 1, 'gain': -0.433, 'critical_has': 0.584, 'critical_lacks': -0.678, 'power_has': 0.13, 'power_lacks': 0.08, 'verdict': 'undecided', 'precision_mm': 'best at +18 mm'}} 0.1s
phillipsL ctx B C:treble:4816-5253 (bar 6′–8′)                   {'treble': {'rows': 8, 'gain': -0.733, 'critical_has': 1.826, 'critical_lacks': -0.83, 'power_has': 0.1, 'power_lacks': 0.33, 'verdict': 'undecided', 'precision_mm': 'best at +31 mm'}} 0.1s
phillipsL ctx B C:treble:5605-5605 (bar 10–10)                   {'treble': {'rows': 9, 'gain': -9.463, 'critical_has': 2.786, 'critical_lacks': -2.645, 'power_has': 0.53, 'power_lacks': 0.72, 'verdict': 'lacks', 'precision_mm': 'best at -32 mm'}} 0.1s
phillipsL ctx B C:treble:6608-7072 (bar 14–16)                   {'treble': {'rows': 8, 'gain': -0.872, 'critical_has': 0.863, 'critical_lacks': -1.185, 'power_has': 0.22, 'power_lacks': 0.13, 'verdict': 'undecided', 'precision_mm': '>= 32'}} 0.1s
phillipsL ctx B C:treble:7739-7843 (bar 18–19)                   {'treble': {'rows': 3, 'gain': -0.789, 'critical_has': 0.788, 'critical_lacks': -0.675, 'power_has': 0.05, 'power_lacks': 0.08, 'verdict': 'lacks', 'precision_mm': 'best at +32 mm'}} 0.1s
phillipsL ctx B C:treble:8534-8605 (bar 22–22)                   {'treble': {'rows': 2, 'gain': -0.03, 'critical_has': 0.588, 'critical_lacks': -0.433, 'power_has': 0.03, 'power_lacks': 0.13, 'verdict': 'undecided', 'precision_mm': '>= 31'}} 0.1s
phillipsL ctx B C:treble:8953-8968 (bar 23–23)                   {'treble': {'rows': 1, 'gain': -0.215, 'critical_has': 0.711, 'critical_lacks': -0.655, 'power_has': 0.02, 'power_lacks': 0.03, 'verdict': 'undecided', 'precision_mm': 'best at +32 mm'}} 0.1s
phillipsL ctx B C:treble:9151-9163 (bar 23–23)                   {'treble': {'rows': 1, 'gain': -0.332, 'critical_has': 0.553, 'critical_lacks': -0.443, 'power_has': 0.13, 'power_lacks': 0.03, 'verdict': 'undecided', 'precision_mm': 'best at -30 mm'}} 0.1s
phillipsL ctx B B1:bass:1419-1438 (bar upbeat–upbeat)            {'bass': {'rows': 0, 'gain': 0.0, 'design': "group changes no row of this file's model", 'verdict': 'no rows', 'precision_mm': 'best at -30 mm'}} 0.1s
phillipsL ctx B B1:bass:7365-7365 (bar 17–17)                    {'bass': {'rows': 0, 'gain': 0.0, 'design': "group changes no row of this file's model", 'verdict': 'no rows', 'precision_mm': 'best at +32 mm'}} 0.1s
phillipsL ctx B A1:bass:1737-1753 (bar 2–2)                      {'bass': {'rows': 2, 'gain': -0.531, 'critical_has': 0.964, 'critical_lacks': -0.537, 'power_has': 0.28, 'power_lacks': 0.65, 'verdict': 'undecided', 'precision_mm': '>= 31'}} 0.1s
phillipsL ctx B A1:bass:2149-2275 (bar 3–4)                      {'bass': {'rows': 3, 'gain': -0.527, 'critical_has': 1.807, 'critical_lacks': -1.804, 'power_has': 0.68, 'power_lacks': 0.7, 'verdict': 'undecided', 'precision_mm': 9.2}} 0.1s
phillipsL ctx B A1:bass:3796-3796 (bar 2′–2′)                    {'bass': {'rows': 1, 'gain': 0.173, 'critical_has': 0.474, 'critical_lacks': -0.744, 'power_has': 0.17, 'power_lacks': 0.22, 'verdict': 'undecided', 'precision_mm': '>= 31'}} 0.1s
phillipsL ctx B A1:bass:4056-4067 (bar 3′–3′)                    {'bass': {'rows': 3, 'gain': -12.988, 'critical_has': -0.968, 'critical_lacks': 4.27, 'power_has': 1.0, 'power_lacks': 0.98, 'verdict': 'lacks', 'precision_mm': 'best at +18 mm'}} 0.1s
phillipsL ctx B A1:bass:5363-5583 (bar 8′–9)                     {'bass': {'rows': 6, 'gain': -2.825, 'critical_has': 1.075, 'critical_lacks': -1.963, 'power_has': 0.9, 'power_lacks': 0.78, 'verdict': 'lacks', 'precision_mm': 'best at +31 mm'}} 0.1s
phillipsL ctx B A1:bass:7924-8040 (bar 19–20)                    {'bass': {'rows': 9, 'gain': -29.529, 'critical_has': 2.724, 'critical_lacks': 3.278, 'power_has': 0.97, 'power_lacks': 0.97, 'verdict': 'lacks', 'precision_mm': 'best at +32 mm'}} 0.1s
phillipsL ctx B A1:bass:8543-8628 (bar 22–22)                    {'bass': {'rows': 3, 'gain': -0.673, 'critical_has': 2.497, 'critical_lacks': -0.087, 'power_has': 0.17, 'power_lacks': 0.77, 'verdict': 'lacks', 'precision_mm': '>= 31'}} 0.1s
phillipsL ctx B A1:soft:5507-5667 (bar 9–10)                     {'bass': {'rows': 2, 'gain': -0.562, 'critical_has': 0.656, 'critical_lacks': -1.299, 'power_has': 0.03, 'power_lacks': 0.03, 'verdict': 'undecided', 'precision_mm': 'best at +32 mm'}, 'treble': {'rows': 4, 'gain': 0.0, 'critical_has': 0.001, 'critical_lacks': -0.622, 'power_has': 0.55, 'power_lacks': 0.62, 'verdict': 'undecided', 'precision_mm': '>= 32'}} 0.9s
phillipsL ctx B A1:soft:6250-6250 (bar 13–13)                    {'bass': {'rows': 2, 'gain': 0.0, 'critical_has': 0.003, 'critical_lacks': -3.465, 'power_has': 0.05, 'power_lacks': 0.03, 'verdict': 'undecided', 'precision_mm': 'best at -18 mm'}, 'treble': {'rows': 1, 'gain': 0.069, 'critical_has': 0.016, 'critical_lacks': -1.678, 'power_has': 0.38, 'power_lacks': 0.12, 'verdict': 'has', 'precision_mm': '>= 31'}} 0.9s
phillipsL ctx B A1:treble:1964-2112 (bar 3–3)                    {'treble': {'rows': 6, 'gain': 1.723, 'critical_has': 1.193, 'critical_lacks': -0.763, 'power_has': 0.32, 'power_lacks': 0.42, 'verdict': 'has', 'precision_mm': 0.0}} 0.1s
phillipsL ctx B A1:treble:2636-2685 (bar 6–6)                    {'treble': {'rows': 3, 'gain': -1.224, 'critical_has': 1.469, 'critical_lacks': -0.493, 'power_has': 0.53, 'power_lacks': 0.8, 'verdict': 'lacks', 'precision_mm': 11.1}} 0.1s
phillipsL ctx B A1:treble:2864-2873 (bar 7–7)                    {'treble': {'rows': 3, 'gain': 0.575, 'critical_has': 0.461, 'critical_lacks': -0.926, 'power_has': 0.42, 'power_lacks': 0.1, 'verdict': 'has', 'precision_mm': '>= 30'}} 0.1s
phillipsL ctx B A1:treble:4561-4645 (bar 6′–6′)                  {'treble': {'rows': 4, 'gain': -0.305, 'critical_has': 1.712, 'critical_lacks': -1.237, 'power_has': 0.13, 'power_lacks': 0.35, 'verdict': 'undecided', 'precision_mm': '>= 32'}} 0.1s
phillipsL ctx B A1:treble:5547-5589 (bar 9–10)                   {'treble': {'rows': 9, 'gain': -14.182, 'critical_has': 0.622, 'critical_lacks': -1.453, 'power_has': 0.87, 'power_lacks': 0.87, 'verdict': 'lacks', 'precision_mm': 'best at -18 mm'}} 0.1s
phillipsL ctx B A1:treble:5868-5892 (bar 11–11)                  {'treble': {'rows': 0, 'gain': 0.0, 'design': "group changes no row of this file's model", 'verdict': 'no rows', 'precision_mm': '>= 32'}} 0.1s
phillipsL ctx B A1:treble:6216-6458 (bar 12–13)                  {'treble': {'rows': 0, 'gain': 0.0, 'design': "group changes no row of this file's model", 'verdict': 'no rows', 'precision_mm': 'best at -31 mm'}} 0.1s
phillipsL ctx B A1:treble:7524-7568 (bar 18–18)                  {'treble': {'rows': 0, 'gain': 0.0, 'design': "group changes no row of this file's model", 'verdict': 'no rows', 'precision_mm': 'best at -18 mm'}} 0.1s
phillipsL ctx B A1:treble:7993-7993 (bar 19–19)                  {'treble': {'rows': 0, 'gain': 0.0, 'design': "group changes no row of this file's model", 'verdict': 'no rows', 'precision_mm': 'best at -32 mm'}} 0.1s
phillipsL ctx B A1:treble:8449-8550 (bar 21–22)                  {'treble': {'rows': 4, 'gain': -6.266, 'critical_has': 3.215, 'critical_lacks': -0.778, 'power_has': 0.37, 'power_lacks': 0.77, 'verdict': 'lacks', 'precision_mm': 'best at +32 mm'}} 0.1s
phillipsL ctx B A1:treble:9085-9085 (bar 23–23)                  {'treble': {'rows': 1, 'gain': -0.313, 'critical_has': 0.56, 'critical_lacks': -0.649, 'power_has': 0.13, 'power_lacks': 0.08, 'verdict': 'undecided', 'precision_mm': 'best at -32 mm'}} 0.1s
phillipsL ctx B A1:treble:10060-10060 (bar 24–24)                {'treble': {'rows': 0, 'gain': 0.0, 'design': "group changes no row of this file's model", 'verdict': 'no rows', 'precision_mm': None}} 0.1s
phillipsL ctx B D1:bass:1145-1243 (bar upbeat–upbeat)            {'bass': {'rows': 0, 'gain': 0.0, 'design': "group changes no row of this file's model", 'verdict': 'no rows', 'precision_mm': None}} 0.1s
phillipsL ctx B D1:soft:6338-6338 (bar 13–13)                    {'bass': {'rows': 0, 'gain': 0.0, 'design': "group changes no row of this file's model", 'verdict': 'no rows', 'precision_mm': None}, 'treble': {'rows': 0, 'gain': 0.0, 'design': "group changes no row of this file's model", 'verdict': 'no rows', 'precision_mm': None}} 0.0s
phillipsL ctx C B:bass:1483-1609 (bar 1–1)                       {'bass': {'rows': 0, 'gain': 0.0}} 0.1s
phillipsL ctx C B:bass:2136-2568 (bar 3–5)                       {'bass': {'rows': 6, 'gain': 2.534}} 0.1s
phillipsL ctx C B:bass:3361-3547 (bar 8–1′)                      {'bass': {'rows': 4, 'gain': 2.725}} 0.1s
phillipsL ctx C B:bass:3806-3806 (bar 2′–2′)                     {'bass': {'rows': 1, 'gain': 0.847}} 0.1s
phillipsL ctx C B:bass:4047-4483 (bar 3′–5′)                     {'bass': {'rows': 10, 'gain': 7.198}} 0.1s
phillipsL ctx C B:bass:4814-4909 (bar 6′–7′)                     {'bass': {'rows': 4, 'gain': 1.746}} 0.1s
phillipsL ctx C B:bass:5341-5878 (bar 8′–11)                     {'bass': {'rows': 14, 'gain': 22.376}} 0.1s
phillipsL ctx C B:bass:6079-6234 (bar 12–13)                     {'bass': {'rows': 4, 'gain': 11.19}} 0.1s
phillipsL ctx C B:bass:7256-7396 (bar 16–17)                     {'bass': {'rows': 0, 'gain': 0.0}} 0.1s
phillipsL ctx C B:bass:7939-8425 (bar 19–21)                     {'bass': {'rows': 11, 'gain': -9.538}} 0.1s
phillipsL ctx C B:bass:8553-8568 (bar 22–22)                     {'bass': {'rows': 2, 'gain': 0.901}} 0.1s
phillipsL ctx C B:bass:9198-9210 (bar 23–23)                     {'bass': {'rows': 2, 'gain': 0.142}} 0.1s
phillipsL ctx C B:bass:9420-9673 (bar 24–24)                     {'bass': {'rows': 6, 'gain': 1.876}} 0.1s
phillipsL ctx C B:soft:5316-5316 (bar 8′–8′)                     {'bass': {'rows': 13, 'gain': 0.0}, 'treble': {'rows': 12, 'gain': 1.651}} 0.1s
phillipsL ctx C B:soft:5771-5771 (bar 10–10)                     {'bass': {'rows': 20, 'gain': -0.754}, 'treble': {'rows': 8, 'gain': 0.0}} 0.2s
phillipsL ctx C B:treble:1709-1759 (bar 2–2)                     {'treble': {'rows': 11, 'gain': -1.787}} 0.1s
phillipsL ctx C B:treble:1932-2163 (bar 2–3)                     {'treble': {'rows': 12, 'gain': 1.73}} 0.1s
phillipsL ctx C B:treble:2569-2678 (bar 5–6)                     {'treble': {'rows': 6, 'gain': 3.527}} 0.1s
phillipsL ctx C B:treble:3926-4074 (bar 3′–3′)                   {'treble': {'rows': 4, 'gain': -0.004}} 0.1s
phillipsL ctx C B:treble:4580-4603 (bar 6′–6′)                   {'treble': {'rows': 1, 'gain': 0.064}} 0.1s
phillipsL ctx C B:treble:5535-5979 (bar 9–11)                    {'treble': {'rows': 10, 'gain': 2.647}} 0.1s
phillipsL ctx C B:treble:6182-6182 (bar 12–12)                   {'treble': {'rows': 2, 'gain': 1.076}} 0.1s
phillipsL ctx C B:treble:6339-6503 (bar 13–14)                   {'treble': {'rows': 10, 'gain': 2.724}} 0.1s
phillipsL ctx C B:treble:7431-7686 (bar 17–18)                   {'treble': {'rows': 21, 'gain': 25.865}} 0.1s
phillipsL ctx C B:treble:7952-8020 (bar 19–20)                   {'treble': {'rows': 7, 'gain': -1.731}} 0.1s
phillipsL ctx C B:treble:8438-8498 (bar 21–21)                   {'treble': {'rows': 5, 'gain': 2.047}} 0.1s
phillipsL ctx C B:treble:8753-9054 (bar 22–23)                   {'treble': {'rows': 4, 'gain': 0.217}} 0.1s
phillipsL ctx C B:treble:9213-9222 (bar 23–23)                   {'treble': {'rows': 1, 'gain': -0.171}} 0.1s
phillipsL ctx C C:bass:1433-1473 (bar upbeat–Auftakt)            {'bass': {'rows': 1, 'gain': -0.38}} 0.1s
phillipsL ctx C C:bass:1875-2077 (bar 2–3)                       {'bass': {'rows': 7, 'gain': -1.153}} 0.1s
phillipsL ctx C C:bass:2231-2475 (bar 4–5)                       {'bass': {'rows': 5, 'gain': 6.276}} 0.1s
phillipsL ctx C C:bass:2659-2671 (bar 6–6)                       {'bass': {'rows': 2, 'gain': -0.184}} 0.1s
phillipsL ctx C C:bass:2853-3109 (bar 6–8)                       {'bass': {'rows': 8, 'gain': -0.536}} 0.1s
phillipsL ctx C C:bass:3252-3263 (bar 8–8)                       {'bass': {'rows': 2, 'gain': -0.237}} 0.1s
phillipsL ctx C C:bass:3863-3938 (bar 2′–3′)                     {'bass': {'rows': 4, 'gain': -0.572}} 0.1s
phillipsL ctx C C:bass:4281-4286 (bar 4′–4′)                     {'bass': {'rows': 1, 'gain': 4.262}} 0.1s
phillipsL ctx C C:bass:5036-5175 (bar 7′–8′)                     {'bass': {'rows': 3, 'gain': -0.069}} 0.1s
phillipsL ctx C C:bass:6475-7227 (bar 14–16)                     {'bass': {'rows': 14, 'gain': -14.323}} 0.1s
phillipsL ctx C C:bass:7672-7880 (bar 18–19)                     {'bass': {'rows': 7, 'gain': -0.617}} 0.1s
phillipsL ctx C C:bass:8210-8216 (bar 20–20)                     {'bass': {'rows': 1, 'gain': -1.988}} 0.1s
phillipsL ctx C C:bass:8867-9156 (bar 22–23)                     {'bass': {'rows': 10, 'gain': -1.183}} 0.1s
phillipsL ctx C C:treble:1691-8037 (bar 2–20)                    {'treble': {'rows': 0, 'gain': 0.0}} 0.0s
phillipsL ctx C C:treble:2776-2892 (bar 6–7)                     {'treble': {'rows': 1, 'gain': 0.296}} 0.1s
phillipsL ctx C C:treble:3062-3076 (bar 7–7)                     {'treble': {'rows': 2, 'gain': -0.095}} 0.1s
phillipsL ctx C C:treble:3252-3270 (bar 8–8)                     {'treble': {'rows': 2, 'gain': -0.397}} 0.1s
phillipsL ctx C C:treble:3865-3888 (bar 2′–3′)                   {'treble': {'rows': 1, 'gain': -0.356}} 0.1s
phillipsL ctx C C:treble:4816-5253 (bar 6′–8′)                   {'treble': {'rows': 8, 'gain': -0.517}} 0.1s
phillipsL ctx C C:treble:5605-5605 (bar 10–10)                   {'treble': {'rows': 4, 'gain': 0.525}} 0.1s
phillipsL ctx C C:treble:6608-7072 (bar 14–16)                   {'treble': {'rows': 10, 'gain': -0.665}} 0.1s
phillipsL ctx C C:treble:7739-7843 (bar 18–19)                   {'treble': {'rows': 4, 'gain': -0.649}} 0.1s
phillipsL ctx C C:treble:8534-8605 (bar 22–22)                   {'treble': {'rows': 2, 'gain': -0.004}} 0.1s
phillipsL ctx C C:treble:8953-8968 (bar 23–23)                   {'treble': {'rows': 1, 'gain': -0.171}} 0.1s
phillipsL ctx C C:treble:9151-9163 (bar 23–23)                   {'treble': {'rows': 1, 'gain': -0.277}} 0.1s
phillipsL ctx C B1:bass:1419-1438 (bar upbeat–upbeat)            {'bass': {'rows': 0, 'gain': 0.0}} 0.1s
phillipsL ctx C B1:bass:7365-7365 (bar 17–17)                    {'bass': {'rows': 0, 'gain': 0.0}} 0.1s
phillipsL ctx C A1:bass:1737-1753 (bar 2–2)                      {'bass': {'rows': 2, 'gain': -0.132}} 0.1s
phillipsL ctx C A1:bass:2149-2275 (bar 3–4)                      {'bass': {'rows': 3, 'gain': 0.915}} 0.1s
phillipsL ctx C A1:bass:3796-3796 (bar 2′–2′)                    {'bass': {'rows': 2, 'gain': 0.317}} 0.1s
phillipsL ctx C A1:bass:4056-4067 (bar 3′–3′)                    {'bass': {'rows': 3, 'gain': -4.894}} 0.1s
phillipsL ctx C A1:bass:5363-5583 (bar 8′–9)                     {'bass': {'rows': 6, 'gain': -1.562}} 0.1s
phillipsL ctx C A1:bass:7924-8040 (bar 19–20)                    {'bass': {'rows': 12, 'gain': -11.277}} 0.1s
phillipsL ctx C A1:bass:8543-8628 (bar 22–22)                    {'bass': {'rows': 3, 'gain': 0.231}} 0.1s
phillipsL ctx C A1:soft:5507-5667 (bar 9–10)                     {'bass': {'rows': 2, 'gain': -0.374}, 'treble': {'rows': 4, 'gain': 0.0}} 0.1s
phillipsL ctx C A1:soft:6250-6250 (bar 13–13)                    {'bass': {'rows': 2, 'gain': 0.0}, 'treble': {'rows': 1, 'gain': 0.1}} 0.1s
phillipsL ctx C A1:treble:1964-2112 (bar 3–3)                    {'treble': {'rows': 6, 'gain': 2.414}} 0.1s
phillipsL ctx C A1:treble:2636-2685 (bar 6–6)                    {'treble': {'rows': 3, 'gain': -0.34}} 0.1s
phillipsL ctx C A1:treble:2864-2873 (bar 7–7)                    {'treble': {'rows': 10, 'gain': -4.288}} 0.1s
phillipsL ctx C A1:treble:4561-4645 (bar 6′–6′)                  {'treble': {'rows': 4, 'gain': 0.153}} 0.1s
phillipsL ctx C A1:treble:5547-5589 (bar 9–10)                   {'treble': {'rows': 2, 'gain': 0.217}} 0.1s
phillipsL ctx C A1:treble:5868-5892 (bar 11–11)                  {'treble': {'rows': 0, 'gain': 0.0}} 0.1s
phillipsL ctx C A1:treble:6216-6458 (bar 12–13)                  {'treble': {'rows': 0, 'gain': 0.0}} 0.1s
phillipsL ctx C A1:treble:7524-7568 (bar 18–18)                  {'treble': {'rows': 0, 'gain': 0.0}} 0.1s
phillipsL ctx C A1:treble:7993-7993 (bar 19–19)                  {'treble': {'rows': 0, 'gain': 0.0}} 0.1s
phillipsL ctx C A1:treble:8449-8550 (bar 21–22)                  {'treble': {'rows': 4, 'gain': -6.463}} 0.1s
phillipsL ctx C A1:treble:9085-9085 (bar 23–23)                  {'treble': {'rows': 1, 'gain': -0.249}} 0.1s
phillipsL ctx C A1:treble:10060-10060 (bar 24–24)                {'treble': {'rows': 0, 'gain': 0.0}} 0.1s
phillipsL ctx C D1:bass:1145-1243 (bar upbeat–upbeat)            {'bass': {'rows': 0, 'gain': 0.0}} 0.1s
phillipsL ctx C D1:soft:6338-6338 (bar 13–13)                    {'bass': {'rows': 0, 'gain': 0.0}, 'treble': {'rows': 0, 'gain': 0.0}} 0.0s
wrote ablation.json
