chaseEmR  ctx B B:bass:1483-1609 (bar 1–1)                       {'bass': {'rows': 0, 'gain': 0.0, 'design': "group changes no row of this file's model", 'verdict': 'no rows', 'precision_mm': 'best at -37 mm'}} 0.1s
chaseEmR  ctx B B:bass:2136-2568 (bar 3–5)                       {'bass': {'rows': 6, 'gain': 9.847, 'critical_has': -3.686, 'critical_lacks': 4.198, 'power_has': 0.98, 'power_lacks': 1.0, 'verdict': 'has', 'precision_mm': 1.3}} 0.1s
chaseEmR  ctx B B:bass:3361-3547 (bar 8–1′)                      {'bass': {'rows': 6, 'gain': 8.268, 'critical_has': 0.599, 'critical_lacks': 3.616, 'power_has': 0.98, 'power_lacks': 0.95, 'verdict': 'has', 'precision_mm': 5.3}} 0.1s
chaseEmR  ctx B B:bass:3806-3806 (bar 2′–2′)                     {'bass': {'rows': 2, 'gain': 0.58, 'critical_has': 1.5, 'critical_lacks': -0.065, 'power_has': 0.45, 'power_lacks': 0.83, 'verdict': 'undecided', 'precision_mm': 13.2}} 0.1s
chaseEmR  ctx B B:bass:4047-4483 (bar 3′–5′)                     {'bass': {'rows': 15, 'gain': 16.586, 'critical_has': -12.051, 'critical_lacks': 10.407, 'power_has': 1.0, 'power_lacks': 1.0, 'verdict': 'has', 'precision_mm': 2.6}} 0.1s
chaseEmR  ctx B B:bass:4814-4909 (bar 6′–7′)                     {'bass': {'rows': 4, 'gain': 1.535, 'critical_has': 2.119, 'critical_lacks': -1.197, 'power_has': 0.48, 'power_lacks': 0.68, 'verdict': 'undecided', 'precision_mm': '>= 37'}} 0.1s
chaseEmR  ctx B B:bass:5341-5878 (bar 8′–11)                     {'bass': {'rows': 17, 'gain': 349.545, 'critical_has': -242.804, 'critical_lacks': 289.491, 'power_has': 1.0, 'power_lacks': 1.0, 'verdict': 'has', 'precision_mm': 0.0}} 0.1s
chaseEmR  ctx B B:bass:6079-6234 (bar 12–13)                     {'bass': {'rows': 6, 'gain': 47.967, 'critical_has': -22.24, 'critical_lacks': 22.463, 'power_has': 1.0, 'power_lacks': 1.0, 'verdict': 'has', 'precision_mm': 0.0}} 0.1s
chaseEmR  ctx B B:bass:7256-7396 (bar 16–17)                     {'bass': {'rows': 0, 'gain': 0.0, 'design': "group changes no row of this file's model", 'verdict': 'no rows', 'precision_mm': 'best at -21 mm'}} 0.1s
chaseEmR  ctx B B:bass:7939-8425 (bar 19–21)                     {'bass': {'rows': 11, 'gain': 30.955, 'critical_has': -10.276, 'critical_lacks': 6.547, 'power_has': 1.0, 'power_lacks': 1.0, 'verdict': 'has', 'precision_mm': 1.3}} 0.1s
chaseEmR  ctx B B:bass:8553-8568 (bar 22–22)                     {'bass': {'rows': 3, 'gain': 0.434, 'critical_has': 5.044, 'critical_lacks': -0.735, 'power_has': 0.12, 'power_lacks': 0.78, 'verdict': 'undecided', 'precision_mm': '>= 37'}} 0.1s
chaseEmR  ctx B B:bass:9198-9210 (bar 23–23)                     {'bass': {'rows': 2, 'gain': 0.12, 'critical_has': 0.311, 'critical_lacks': -0.72, 'power_has': 0.52, 'power_lacks': 0.68, 'verdict': 'undecided', 'precision_mm': '>= 37'}} 0.1s
chaseEmR  ctx B B:bass:9420-9673 (bar 24–24)                     {'bass': {'rows': 6, 'gain': 6.922, 'critical_has': 7.421, 'critical_lacks': 1.855, 'power_has': 0.47, 'power_lacks': 0.93, 'verdict': 'undecided', 'precision_mm': 0.0}} 0.1s
chaseEmR  ctx B B:soft:5316-5316 (bar 8′–8′)                     {'bass': {'rows': 12, 'gain': 100.772, 'critical_has': -29.277, 'critical_lacks': 50.78, 'power_has': 1.0, 'power_lacks': 1.0, 'verdict': 'has', 'precision_mm': 10.5}, 'treble': {'rows': 12, 'gain': 65.544, 'critical_has': -9.022, 'critical_lacks': 63.287, 'power_has': 1.0, 'power_lacks': 1.0, 'verdict': 'has', 'precision_mm': 'best at -37 mm'}} 0.9s
chaseEmR  ctx B B:soft:5771-5771 (bar 10–10)                     {'bass': {'rows': 20, 'gain': 5.966, 'critical_has': -181.671, 'critical_lacks': 9.34, 'power_has': 1.0, 'power_lacks': 1.0, 'verdict': 'undecided', 'precision_mm': '>= 37'}, 'treble': {'rows': 8, 'gain': 1.155, 'critical_has': -42.806, 'critical_lacks': 1.621, 'power_has': 1.0, 'power_lacks': 1.0, 'verdict': 'undecided', 'precision_mm': 10.7}} 0.9s
chaseEmR  ctx B B:treble:1709-1759 (bar 2–2)                     {'treble': {'rows': 7, 'gain': 15.069, 'critical_has': -2.071, 'critical_lacks': 2.797, 'power_has': 1.0, 'power_lacks': 1.0, 'verdict': 'has', 'precision_mm': 10.6}} 0.1s
chaseEmR  ctx B B:treble:1932-2163 (bar 2–3)                     {'treble': {'rows': 9, 'gain': 0.336, 'critical_has': 1.339, 'critical_lacks': -1.424, 'power_has': 0.43, 'power_lacks': 0.57, 'verdict': 'undecided', 'precision_mm': 13.3}} 0.1s
chaseEmR  ctx B B:treble:2569-2678 (bar 5–6)                     {'treble': {'rows': 8, 'gain': 22.409, 'critical_has': -10.269, 'critical_lacks': 7.358, 'power_has': 1.0, 'power_lacks': 1.0, 'verdict': 'has', 'precision_mm': 13.2}} 0.1s
chaseEmR  ctx B B:treble:3926-4074 (bar 3′–3′)                   {'treble': {'rows': 8, 'gain': 1.137, 'critical_has': 1.674, 'critical_lacks': -0.897, 'power_has': 0.18, 'power_lacks': 0.43, 'verdict': 'undecided', 'precision_mm': 'best at -21 mm'}} 0.1s
chaseEmR  ctx B B:treble:4580-4603 (bar 6′–6′)                   {'treble': {'rows': 1, 'gain': -0.125, 'critical_has': 0.492, 'critical_lacks': -0.274, 'power_has': 0.08, 'power_lacks': 0.27, 'verdict': 'undecided', 'precision_mm': '>= 37'}} 0.1s
chaseEmR  ctx B B:treble:5535-5979 (bar 9–11)                    {'treble': {'rows': 18, 'gain': 33.107, 'critical_has': -17.275, 'critical_lacks': 21.551, 'power_has': 1.0, 'power_lacks': 1.0, 'verdict': 'has', 'precision_mm': 1.3}} 0.1s
chaseEmR  ctx B B:treble:6182-6182 (bar 12–12)                   {'treble': {'rows': 3, 'gain': 2.6, 'critical_has': 2.916, 'critical_lacks': 0.417, 'power_has': 0.43, 'power_lacks': 0.88, 'verdict': 'undecided', 'precision_mm': '>= 37'}} 0.1s
chaseEmR  ctx B B:treble:6339-6503 (bar 13–14)                   {'treble': {'rows': 11, 'gain': 16.533, 'critical_has': -4.568, 'critical_lacks': 2.846, 'power_has': 1.0, 'power_lacks': 1.0, 'verdict': 'has', 'precision_mm': 12.0}} 0.1s
chaseEmR  ctx B B:treble:7431-7686 (bar 17–18)                   {'treble': {'rows': 18, 'gain': 394.791, 'critical_has': -338.732, 'critical_lacks': 306.486, 'power_has': 1.0, 'power_lacks': 1.0, 'verdict': 'has', 'precision_mm': 15.9}} 0.1s
chaseEmR  ctx B B:treble:7952-8020 (bar 19–20)                   {'treble': {'rows': 5, 'gain': 3.483, 'critical_has': 1.363, 'critical_lacks': 0.326, 'power_has': 0.85, 'power_lacks': 0.93, 'verdict': 'has', 'precision_mm': 'best at -37 mm'}} 0.1s
chaseEmR  ctx B B:treble:8438-8498 (bar 21–21)                   {'treble': {'rows': 7, 'gain': 45.62, 'critical_has': -25.625, 'critical_lacks': 15.341, 'power_has': 1.0, 'power_lacks': 1.0, 'verdict': 'has', 'precision_mm': 18.5}} 0.1s
chaseEmR  ctx B B:treble:8753-9054 (bar 22–23)                   {'treble': {'rows': 4, 'gain': -0.389, 'critical_has': 0.942, 'critical_lacks': -1.386, 'power_has': 0.22, 'power_lacks': 0.12, 'verdict': 'undecided', 'precision_mm': '>= 37'}} 0.1s
chaseEmR  ctx B B:treble:9213-9222 (bar 23–23)                   {'treble': {'rows': 2, 'gain': -0.396, 'critical_has': 0.927, 'critical_lacks': -0.357, 'power_has': 0.08, 'power_lacks': 0.25, 'verdict': 'lacks', 'precision_mm': 'best at -37 mm'}} 0.1s
chaseEmR  ctx B C:bass:1433-1473 (bar upbeat–Auftakt)            {'bass': {'rows': 2, 'gain': 9.643, 'critical_has': -3.393, 'critical_lacks': 4.13, 'power_has': 0.98, 'power_lacks': 0.98, 'verdict': 'has', 'precision_mm': 1.3}} 0.1s
chaseEmR  ctx B C:bass:1875-2077 (bar 2–3)                       {'bass': {'rows': 7, 'gain': 5.007, 'critical_has': 1.141, 'critical_lacks': 1.483, 'power_has': 0.97, 'power_lacks': 0.95, 'verdict': 'has', 'precision_mm': 7.9}} 0.1s
chaseEmR  ctx B C:bass:2231-2475 (bar 4–5)                       {'bass': {'rows': 6, 'gain': -9.153, 'critical_has': -2.643, 'critical_lacks': 5.381, 'power_has': 1.0, 'power_lacks': 1.0, 'verdict': 'lacks', 'precision_mm': 5.3}} 0.1s
chaseEmR  ctx B C:bass:2659-2671 (bar 6–6)                       {'bass': {'rows': 2, 'gain': 1.269, 'critical_has': 1.389, 'critical_lacks': -0.341, 'power_has': 0.3, 'power_lacks': 0.72, 'verdict': 'undecided', 'precision_mm': '>= 37'}} 0.1s
chaseEmR  ctx B C:bass:2853-3109 (bar 6–8)                       {'bass': {'rows': 9, 'gain': 1.102, 'critical_has': 1.978, 'critical_lacks': -0.804, 'power_has': 0.73, 'power_lacks': 0.8, 'verdict': 'undecided', 'precision_mm': '>= 37'}} 0.1s
chaseEmR  ctx B C:bass:3252-3263 (bar 8–8)                       {'bass': {'rows': 2, 'gain': -0.088, 'critical_has': 1.153, 'critical_lacks': -0.554, 'power_has': 0.4, 'power_lacks': 0.72, 'verdict': 'undecided', 'precision_mm': '>= 37'}} 0.1s
chaseEmR  ctx B C:bass:3863-3938 (bar 2′–3′)                     {'bass': {'rows': 4, 'gain': 2.049, 'critical_has': 1.831, 'critical_lacks': -0.875, 'power_has': 0.65, 'power_lacks': 0.82, 'verdict': 'has', 'precision_mm': 10.6}} 0.1s
chaseEmR  ctx B C:bass:4281-4286 (bar 4′–4′)                     {'bass': {'rows': 1, 'gain': -2.584, 'critical_has': 0.938, 'critical_lacks': -0.08, 'power_has': 0.43, 'power_lacks': 0.82, 'verdict': 'lacks', 'precision_mm': 0.0}} 0.1s
chaseEmR  ctx B C:bass:5036-5175 (bar 7′–8′)                     {'bass': {'rows': 2, 'gain': -0.097, 'critical_has': 1.128, 'critical_lacks': -0.874, 'power_has': 0.47, 'power_lacks': 0.65, 'verdict': 'undecided', 'precision_mm': '>= 37'}} 0.1s
chaseEmR  ctx B C:bass:6475-7227 (bar 14–16)                     {'bass': {'rows': 14, 'gain': 25.665, 'critical_has': -15.318, 'critical_lacks': 11.514, 'power_has': 1.0, 'power_lacks': 1.0, 'verdict': 'has', 'precision_mm': 2.6}} 0.1s
chaseEmR  ctx B C:bass:7672-7880 (bar 18–19)                     {'bass': {'rows': 7, 'gain': 0.824, 'critical_has': 1.438, 'critical_lacks': -1.372, 'power_has': 0.6, 'power_lacks': 0.78, 'verdict': 'undecided', 'precision_mm': '>= 37'}} 0.1s
chaseEmR  ctx B C:bass:8210-8216 (bar 20–20)                     {'bass': {'rows': 2, 'gain': 8.041, 'critical_has': -2.512, 'critical_lacks': 3.934, 'power_has': 1.0, 'power_lacks': 1.0, 'verdict': 'has', 'precision_mm': 1.3}} 0.1s
chaseEmR  ctx B C:bass:8867-9156 (bar 22–23)                     {'bass': {'rows': 10, 'gain': 0.333, 'critical_has': 3.406, 'critical_lacks': -0.81, 'power_has': 0.43, 'power_lacks': 0.78, 'verdict': 'undecided', 'precision_mm': '>= 37'}} 0.1s
chaseEmR  ctx B C:treble:1691-8037 (bar 2–20)                    {'treble': {'rows': 0, 'gain': 0.0, 'design': "group changes no row of this file's model", 'verdict': 'no rows', 'precision_mm': None}} 0.0s
chaseEmR  ctx B C:treble:2776-2892 (bar 6–7)                     {'treble': {'rows': 1, 'gain': -0.143, 'critical_has': 0.45, 'critical_lacks': -0.645, 'power_has': 0.1, 'power_lacks': 0.03, 'verdict': 'undecided', 'precision_mm': 'best at -37 mm'}} 0.1s
chaseEmR  ctx B C:treble:3062-3076 (bar 7–7)                     {'treble': {'rows': 1, 'gain': -0.227, 'critical_has': 0.963, 'critical_lacks': -0.468, 'power_has': 0.05, 'power_lacks': 0.15, 'verdict': 'undecided', 'precision_mm': '>= 37'}} 0.1s
chaseEmR  ctx B C:treble:3252-3270 (bar 8–8)                     {'treble': {'rows': 3, 'gain': -0.378, 'critical_has': 1.866, 'critical_lacks': -0.729, 'power_has': 0.17, 'power_lacks': 0.28, 'verdict': 'undecided', 'precision_mm': '>= 37'}} 0.1s
chaseEmR  ctx B C:treble:3865-3888 (bar 2′–3′)                   {'treble': {'rows': 1, 'gain': 0.457, 'critical_has': 0.678, 'critical_lacks': -0.852, 'power_has': 0.18, 'power_lacks': 0.3, 'verdict': 'undecided', 'precision_mm': '>= 37'}} 0.1s
chaseEmR  ctx B C:treble:4816-5253 (bar 6′–8′)                   {'treble': {'rows': 7, 'gain': 0.145, 'critical_has': 1.476, 'critical_lacks': -0.784, 'power_has': 0.35, 'power_lacks': 0.65, 'verdict': 'undecided', 'precision_mm': '>= 37'}} 0.1s
chaseEmR  ctx B C:treble:5605-5605 (bar 10–10)                   {'treble': {'rows': 15, 'gain': -10.676, 'critical_has': -0.675, 'critical_lacks': 6.725, 'power_has': 0.98, 'power_lacks': 1.0, 'verdict': 'lacks', 'precision_mm': 'best at +21 mm'}} 0.1s
chaseEmR  ctx B C:treble:6608-7072 (bar 14–16)                   {'treble': {'rows': 14, 'gain': 0.725, 'critical_has': 1.857, 'critical_lacks': -2.298, 'power_has': 0.28, 'power_lacks': 0.18, 'verdict': 'undecided', 'precision_mm': 15.9}} 0.1s
chaseEmR  ctx B C:treble:7739-7843 (bar 18–19)                   {'treble': {'rows': 3, 'gain': 0.032, 'critical_has': 1.068, 'critical_lacks': -1.077, 'power_has': 0.17, 'power_lacks': 0.03, 'verdict': 'undecided', 'precision_mm': '>= 37'}} 0.1s
chaseEmR  ctx B C:treble:8534-8605 (bar 22–22)                   {'treble': {'rows': 2, 'gain': -0.047, 'critical_has': 0.789, 'critical_lacks': -0.466, 'power_has': 0.12, 'power_lacks': 0.15, 'verdict': 'undecided', 'precision_mm': 21.2}} 0.1s
chaseEmR  ctx B C:treble:8953-8968 (bar 23–23)                   {'treble': {'rows': 1, 'gain': -0.294, 'critical_has': 0.636, 'critical_lacks': -0.496, 'power_has': 0.13, 'power_lacks': 0.32, 'verdict': 'undecided', 'precision_mm': 'best at +37 mm'}} 0.1s
chaseEmR  ctx B C:treble:9151-9163 (bar 23–23)                   {'treble': {'rows': 1, 'gain': -0.217, 'critical_has': 0.431, 'critical_lacks': -0.369, 'power_has': 0.13, 'power_lacks': 0.28, 'verdict': 'undecided', 'precision_mm': 'best at -37 mm'}} 0.1s
chaseEmR  ctx B B1:bass:1419-1438 (bar upbeat–upbeat)            {'bass': {'rows': 1, 'gain': 6.424, 'critical_has': 0.952, 'critical_lacks': -6.842, 'power_has': 0.58, 'power_lacks': 0.0, 'verdict': 'has', 'precision_mm': 5.3}} 0.1s
chaseEmR  ctx B B1:bass:7365-7365 (bar 17–17)                    {'bass': {'rows': 0, 'gain': 0.0, 'design': "group changes no row of this file's model", 'verdict': 'no rows', 'precision_mm': 'best at -37 mm'}} 0.1s
chaseEmR  ctx B A1:bass:1737-1753 (bar 2–2)                      {'bass': {'rows': 1, 'gain': -1.729, 'critical_has': 1.047, 'critical_lacks': -0.511, 'power_has': 0.42, 'power_lacks': 0.72, 'verdict': 'lacks', 'precision_mm': 'best at -37 mm'}} 0.1s
chaseEmR  ctx B A1:bass:2149-2275 (bar 3–4)                      {'bass': {'rows': 4, 'gain': -4.589, 'critical_has': 2.248, 'critical_lacks': -1.483, 'power_has': 0.45, 'power_lacks': 0.68, 'verdict': 'lacks', 'precision_mm': 1.3}} 0.1s
chaseEmR  ctx B A1:bass:3796-3796 (bar 2′–2′)                    {'bass': {'rows': 2, 'gain': -2.087, 'critical_has': 1.469, 'critical_lacks': -0.329, 'power_has': 0.37, 'power_lacks': 0.7, 'verdict': 'lacks', 'precision_mm': 9.3}} 0.1s
chaseEmR  ctx B A1:bass:4056-4067 (bar 3′–3′)                    {'bass': {'rows': 13, 'gain': -14.255, 'critical_has': -4.274, 'critical_lacks': 8.568, 'power_has': 0.98, 'power_lacks': 1.0, 'verdict': 'lacks', 'precision_mm': 'best at -21 mm'}} 0.1s
chaseEmR  ctx B A1:bass:5363-5583 (bar 8′–9)                     {'bass': {'rows': 14, 'gain': -97.058, 'critical_has': -34.15, 'critical_lacks': 32.952, 'power_has': 1.0, 'power_lacks': 1.0, 'verdict': 'lacks', 'precision_mm': 2.6}} 0.1s
chaseEmR  ctx B A1:bass:7924-8040 (bar 19–20)                    {'bass': {'rows': 12, 'gain': -27.441, 'critical_has': -21.5, 'critical_lacks': 23.808, 'power_has': 1.0, 'power_lacks': 1.0, 'verdict': 'lacks', 'precision_mm': 'best at +37 mm'}} 0.1s
chaseEmR  ctx B A1:bass:8543-8628 (bar 22–22)                    {'bass': {'rows': 3, 'gain': -3.567, 'critical_has': 0.559, 'critical_lacks': -0.571, 'power_has': 0.72, 'power_lacks': 0.82, 'verdict': 'lacks', 'precision_mm': '>= 37'}} 0.1s
chaseEmR  ctx B A1:soft:5507-5667 (bar 9–10)                     {'bass': {'rows': 2, 'gain': -15.975, 'critical_has': -1.026, 'critical_lacks': 6.993, 'power_has': 1.0, 'power_lacks': 1.0, 'verdict': 'lacks', 'precision_mm': '>= 37'}, 'treble': {'rows': 5, 'gain': -38.039, 'critical_has': -20.356, 'critical_lacks': 2.596, 'power_has': 1.0, 'power_lacks': 1.0, 'verdict': 'lacks', 'precision_mm': 'best at -21 mm'}} 0.9s
chaseEmR  ctx B A1:soft:6250-6250 (bar 13–13)                    {'bass': {'rows': 2, 'gain': -42.982, 'critical_has': -17.496, 'critical_lacks': 0.0, 'power_has': 1.0, 'power_lacks': 1.0, 'verdict': 'lacks', 'precision_mm': '>= 37'}, 'treble': {'rows': 1, 'gain': -7.004, 'critical_has': -7.951, 'critical_lacks': -2.296, 'power_has': 1.0, 'power_lacks': 1.0, 'verdict': 'undecided', 'precision_mm': '>= 37'}} 0.9s
chaseEmR  ctx B A1:treble:1964-2112 (bar 3–3)                    {'treble': {'rows': 7, 'gain': -5.986, 'critical_has': 1.369, 'critical_lacks': -0.465, 'power_has': 0.82, 'power_lacks': 0.85, 'verdict': 'lacks', 'precision_mm': 'best at -21 mm'}} 0.1s
chaseEmR  ctx B A1:treble:2636-2685 (bar 6–6)                    {'treble': {'rows': 4, 'gain': -6.116, 'critical_has': 1.795, 'critical_lacks': 2.208, 'power_has': 0.97, 'power_lacks': 0.95, 'verdict': 'lacks', 'precision_mm': 8.0}} 0.1s
chaseEmR  ctx B A1:treble:2864-2873 (bar 7–7)                    {'treble': {'rows': 2, 'gain': -1.192, 'critical_has': 0.714, 'critical_lacks': -1.162, 'power_has': 0.38, 'power_lacks': 0.15, 'verdict': 'lacks', 'precision_mm': 'best at -21 mm'}} 0.1s
chaseEmR  ctx B A1:treble:4561-4645 (bar 6′–6′)                  {'treble': {'rows': 4, 'gain': -1.307, 'critical_has': 2.182, 'critical_lacks': -1.467, 'power_has': 0.12, 'power_lacks': 0.37, 'verdict': 'undecided', 'precision_mm': 11.9}} 0.1s
chaseEmR  ctx B A1:treble:5547-5589 (bar 9–10)                   {'treble': {'rows': 15, 'gain': -19.383, 'critical_has': -6.793, 'critical_lacks': 20.649, 'power_has': 1.0, 'power_lacks': 1.0, 'verdict': 'lacks', 'precision_mm': 'best at +37 mm'}} 0.1s
chaseEmR  ctx B A1:treble:5868-5892 (bar 11–11)                  {'treble': {'rows': 0, 'gain': 0.0, 'design': "group changes no row of this file's model", 'verdict': 'no rows', 'precision_mm': '>= 38'}} 0.1s
chaseEmR  ctx B A1:treble:6216-6458 (bar 12–13)                  {'treble': {'rows': 0, 'gain': 0.0, 'design': "group changes no row of this file's model", 'verdict': 'no rows', 'precision_mm': 13.2}} 0.1s
chaseEmR  ctx B A1:treble:7524-7568 (bar 18–18)                  {'treble': {'rows': 0, 'gain': 0.0, 'design': "group changes no row of this file's model", 'verdict': 'no rows', 'precision_mm': '>= 37'}} 0.1s
chaseEmR  ctx B A1:treble:7993-7993 (bar 19–19)                  {'treble': {'rows': 0, 'gain': 0.0, 'design': "group changes no row of this file's model", 'verdict': 'no rows', 'precision_mm': 'best at +37 mm'}} 0.1s
chaseEmR  ctx B A1:treble:8449-8550 (bar 21–22)                  {'treble': {'rows': 3, 'gain': -9.306, 'critical_has': -0.899, 'critical_lacks': 0.642, 'power_has': 0.97, 'power_lacks': 0.98, 'verdict': 'lacks', 'precision_mm': 'best at +37 mm'}} 0.1s
chaseEmR  ctx B A1:treble:9085-9085 (bar 23–23)                  {'treble': {'rows': 1, 'gain': -0.915, 'critical_has': 1.799, 'critical_lacks': -0.941, 'power_has': 0.02, 'power_lacks': 0.1, 'verdict': 'undecided', 'precision_mm': 'best at -37 mm'}} 0.1s
chaseEmR  ctx B A1:treble:10060-10060 (bar 24–24)                {'treble': {'rows': 0, 'gain': 0.0, 'design': "group changes no row of this file's model", 'verdict': 'no rows', 'precision_mm': None}} 0.1s
chaseEmR  ctx B D1:bass:1145-1243 (bar upbeat–upbeat)            {'bass': {'rows': 0, 'gain': 0.0, 'design': "group changes no row of this file's model", 'verdict': 'no rows', 'precision_mm': None}} 0.1s
chaseEmR  ctx B D1:soft:6338-6338 (bar 13–13)                    {'bass': {'rows': 0, 'gain': 0.0, 'design': "group changes no row of this file's model", 'verdict': 'no rows', 'precision_mm': None}, 'treble': {'rows': 0, 'gain': 0.0, 'design': "group changes no row of this file's model", 'verdict': 'no rows', 'precision_mm': None}} 0.0s
chaseEmR  ctx C B:bass:1483-1609 (bar 1–1)                       {'bass': {'rows': 0, 'gain': 0.0, 'design': "group changes no row of this file's model", 'verdict': 'no rows', 'precision_mm': 'best at -37 mm'}} 0.1s
chaseEmR  ctx C B:bass:2136-2568 (bar 3–5)                       {'bass': {'rows': 6, 'gain': 24.087, 'critical_has': -12.809, 'critical_lacks': 11.379, 'power_has': 1.0, 'power_lacks': 1.0, 'verdict': 'has', 'precision_mm': 1.3}} 0.1s
chaseEmR  ctx C B:bass:3361-3547 (bar 8–1′)                      {'bass': {'rows': 6, 'gain': 24.616, 'critical_has': -2.012, 'critical_lacks': -2.727, 'power_has': 0.93, 'power_lacks': 0.93, 'verdict': 'has', 'precision_mm': 4.0}} 0.1s
chaseEmR  ctx C B:bass:3806-3806 (bar 2′–2′)                     {'bass': {'rows': 2, 'gain': 2.982, 'critical_has': -0.2, 'critical_lacks': 1.313, 'power_has': 0.97, 'power_lacks': 0.97, 'verdict': 'has', 'precision_mm': 7.9}} 0.1s
chaseEmR  ctx C B:bass:4047-4483 (bar 3′–5′)                     {'bass': {'rows': 15, 'gain': 25.671, 'critical_has': -48.943, 'critical_lacks': 56.392, 'power_has': 1.0, 'power_lacks': 1.0, 'verdict': 'undecided', 'precision_mm': 2.6}} 0.1s
chaseEmR  ctx C B:bass:4814-4909 (bar 6′–7′)                     {'bass': {'rows': 4, 'gain': 7.251, 'critical_has': 1.012, 'critical_lacks': 3.567, 'power_has': 0.95, 'power_lacks': 0.97, 'verdict': 'has', 'precision_mm': 5.3}} 0.1s
chaseEmR  ctx C B:bass:5341-5878 (bar 8′–11)                     {'bass': {'rows': 17, 'gain': 814.926, 'critical_has': -679.791, 'critical_lacks': 725.15, 'power_has': 1.0, 'power_lacks': 1.0, 'verdict': 'has', 'precision_mm': 0.0}} 0.1s
chaseEmR  ctx C B:bass:6079-6234 (bar 12–13)                     {'bass': {'rows': 4, 'gain': 99.595, 'critical_has': -43.945, 'critical_lacks': 39.479, 'power_has': 1.0, 'power_lacks': 1.0, 'verdict': 'has', 'precision_mm': 0.0}} 0.1s
chaseEmR  ctx C B:bass:7256-7396 (bar 16–17)                     {'bass': {'rows': 0, 'gain': 0.0, 'design': "group changes no row of this file's model", 'verdict': 'no rows', 'precision_mm': 'best at -21 mm'}} 0.1s
chaseEmR  ctx C B:bass:7939-8425 (bar 19–21)                     {'bass': {'rows': 13, 'gain': 52.837, 'critical_has': -64.544, 'critical_lacks': 66.668, 'power_has': 1.0, 'power_lacks': 1.0, 'verdict': 'undecided', 'precision_mm': 0.0}} 0.1s
chaseEmR  ctx C B:bass:8553-8568 (bar 22–22)                     {'bass': {'rows': 3, 'gain': 3.285, 'critical_has': 5.248, 'critical_lacks': -4.401, 'power_has': 0.38, 'power_lacks': 0.82, 'verdict': 'undecided', 'precision_mm': 7.9}} 0.1s
chaseEmR  ctx C B:bass:9198-9210 (bar 23–23)                     {'bass': {'rows': 2, 'gain': 1.455, 'critical_has': 2.023, 'critical_lacks': 0.02, 'power_has': 0.38, 'power_lacks': 0.93, 'verdict': 'undecided', 'precision_mm': '>= 37'}} 0.1s
chaseEmR  ctx C B:bass:9420-9673 (bar 24–24)                     {'bass': {'rows': 6, 'gain': 20.264, 'critical_has': -8.148, 'critical_lacks': 10.127, 'power_has': 0.98, 'power_lacks': 1.0, 'verdict': 'has', 'precision_mm': 0.0}} 0.1s
chaseEmR  ctx C B:soft:5316-5316 (bar 8′–8′)                     {'bass': {'rows': 12, 'gain': 279.164, 'critical_has': -17.43, 'critical_lacks': 214.351, 'power_has': 1.0, 'power_lacks': 1.0, 'verdict': 'has', 'precision_mm': 10.5}, 'treble': {'rows': 12, 'gain': 69.623, 'critical_has': -19.217, 'critical_lacks': 57.49, 'power_has': 1.0, 'power_lacks': 1.0, 'verdict': 'has', 'precision_mm': 'best at -37 mm'}} 0.9s
chaseEmR  ctx C B:soft:5771-5771 (bar 10–10)                     {'bass': {'rows': 20, 'gain': 3.622, 'critical_has': -433.098, 'critical_lacks': 4.539, 'power_has': 1.0, 'power_lacks': 1.0, 'verdict': 'undecided', 'precision_mm': '>= 37'}, 'treble': {'rows': 8, 'gain': 21.335, 'critical_has': -11.112, 'critical_lacks': 14.013, 'power_has': 1.0, 'power_lacks': 1.0, 'verdict': 'has', 'precision_mm': 10.7}} 0.9s
chaseEmR  ctx C B:treble:1709-1759 (bar 2–2)                     {'treble': {'rows': 19, 'gain': 90.999, 'critical_has': -55.883, 'critical_lacks': 48.663, 'power_has': 1.0, 'power_lacks': 1.0, 'verdict': 'has', 'precision_mm': 13.2}} 0.1s
chaseEmR  ctx C B:treble:1932-2163 (bar 2–3)                     {'treble': {'rows': 12, 'gain': 0.791, 'critical_has': 2.055, 'critical_lacks': -0.77, 'power_has': 0.33, 'power_lacks': 0.73, 'verdict': 'undecided', 'precision_mm': '>= 37'}} 0.1s
chaseEmR  ctx C B:treble:2569-2678 (bar 5–6)                     {'treble': {'rows': 7, 'gain': 5.916, 'critical_has': 2.802, 'critical_lacks': -0.524, 'power_has': 0.5, 'power_lacks': 0.82, 'verdict': 'has', 'precision_mm': '>= 37'}} 0.1s
chaseEmR  ctx C B:treble:3926-4074 (bar 3′–3′)                   {'treble': {'rows': 9, 'gain': 1.753, 'critical_has': 2.668, 'critical_lacks': -0.968, 'power_has': 0.08, 'power_lacks': 0.4, 'verdict': 'undecided', 'precision_mm': 'best at -21 mm'}} 0.1s
chaseEmR  ctx C B:treble:4580-4603 (bar 6′–6′)                   {'treble': {'rows': 1, 'gain': -0.046, 'critical_has': 0.429, 'critical_lacks': -0.417, 'power_has': 0.08, 'power_lacks': 0.05, 'verdict': 'undecided', 'precision_mm': '>= 37'}} 0.1s
chaseEmR  ctx C B:treble:5535-5979 (bar 9–11)                    {'treble': {'rows': 18, 'gain': 37.651, 'critical_has': -15.231, 'critical_lacks': 20.964, 'power_has': 1.0, 'power_lacks': 1.0, 'verdict': 'has', 'precision_mm': 1.3}} 0.1s
chaseEmR  ctx C B:treble:6182-6182 (bar 12–12)                   {'treble': {'rows': 3, 'gain': 2.518, 'critical_has': 0.153, 'critical_lacks': 0.894, 'power_has': 0.98, 'power_lacks': 0.95, 'verdict': 'has', 'precision_mm': '>= 37'}} 0.1s
chaseEmR  ctx C B:treble:6339-6503 (bar 13–14)                   {'treble': {'rows': 19, 'gain': 21.871, 'critical_has': -0.623, 'critical_lacks': 4.277, 'power_has': 1.0, 'power_lacks': 1.0, 'verdict': 'has', 'precision_mm': 10.7}} 0.1s
chaseEmR  ctx C B:treble:7431-7686 (bar 17–18)                   {'treble': {'rows': 17, 'gain': 78.194, 'critical_has': -62.084, 'critical_lacks': 54.74, 'power_has': 1.0, 'power_lacks': 1.0, 'verdict': 'has', 'precision_mm': 15.9}} 0.1s
chaseEmR  ctx C B:treble:7952-8020 (bar 19–20)                   {'treble': {'rows': 5, 'gain': 5.298, 'critical_has': 3.529, 'critical_lacks': 1.969, 'power_has': 0.63, 'power_lacks': 0.92, 'verdict': 'has', 'precision_mm': 'best at -37 mm'}} 0.1s
chaseEmR  ctx C B:treble:8438-8498 (bar 21–21)                   {'treble': {'rows': 6, 'gain': 5.879, 'critical_has': 0.471, 'critical_lacks': -1.904, 'power_has': 0.68, 'power_lacks': 0.57, 'verdict': 'has', 'precision_mm': 13.2}} 0.1s
chaseEmR  ctx C B:treble:8753-9054 (bar 22–23)                   {'treble': {'rows': 4, 'gain': -0.084, 'critical_has': 1.625, 'critical_lacks': -0.767, 'power_has': 0.05, 'power_lacks': 0.2, 'verdict': 'undecided', 'precision_mm': '>= 37'}} 0.1s
chaseEmR  ctx C B:treble:9213-9222 (bar 23–23)                   {'treble': {'rows': 2, 'gain': -0.256, 'critical_has': 1.03, 'critical_lacks': -0.369, 'power_has': 0.08, 'power_lacks': 0.18, 'verdict': 'undecided', 'precision_mm': 'best at -37 mm'}} 0.1s
chaseEmR  ctx C C:bass:1433-1473 (bar upbeat–Auftakt)            {'bass': {'rows': 2, 'gain': 20.507, 'critical_has': -5.29, 'critical_lacks': -5.395, 'power_has': 0.95, 'power_lacks': 0.93, 'verdict': 'has', 'precision_mm': 0.0}} 0.1s
chaseEmR  ctx C C:bass:1875-2077 (bar 2–3)                       {'bass': {'rows': 7, 'gain': 15.285, 'critical_has': -1.012, 'critical_lacks': 6.692, 'power_has': 0.95, 'power_lacks': 0.98, 'verdict': 'has', 'precision_mm': 2.6}} 0.1s
chaseEmR  ctx C C:bass:2231-2475 (bar 4–5)                       {'bass': {'rows': 6, 'gain': -7.84, 'critical_has': -8.53, 'critical_lacks': 10.56, 'power_has': 1.0, 'power_lacks': 1.0, 'verdict': 'undecided', 'precision_mm': 0.0}} 0.1s
chaseEmR  ctx C C:bass:2659-2671 (bar 6–6)                       {'bass': {'rows': 2, 'gain': 3.917, 'critical_has': 0.998, 'critical_lacks': 0.417, 'power_has': 0.92, 'power_lacks': 0.92, 'verdict': 'has', 'precision_mm': 8.0}} 0.1s
chaseEmR  ctx C C:bass:2853-3109 (bar 6–8)                       {'bass': {'rows': 9, 'gain': 6.687, 'critical_has': 2.101, 'critical_lacks': -1.869, 'power_has': 0.88, 'power_lacks': 0.93, 'verdict': 'has', 'precision_mm': 4.0}} 0.1s
chaseEmR  ctx C C:bass:3252-3263 (bar 8–8)                       {'bass': {'rows': 2, 'gain': 1.562, 'critical_has': 0.208, 'critical_lacks': -3.487, 'power_has': 0.87, 'power_lacks': 0.28, 'verdict': 'has', 'precision_mm': 18.5}} 0.1s
chaseEmR  ctx C C:bass:3863-3938 (bar 2′–3′)                     {'bass': {'rows': 4, 'gain': 8.305, 'critical_has': 1.073, 'critical_lacks': 0.527, 'power_has': 0.93, 'power_lacks': 0.92, 'verdict': 'has', 'precision_mm': 5.3}} 0.1s
chaseEmR  ctx C C:bass:4281-4286 (bar 4′–4′)                     {'bass': {'rows': 1, 'gain': -7.846, 'critical_has': 2.534, 'critical_lacks': -4.675, 'power_has': 0.87, 'power_lacks': 0.35, 'verdict': 'lacks', 'precision_mm': 0.0}} 0.1s
chaseEmR  ctx C C:bass:5036-5175 (bar 7′–8′)                     {'bass': {'rows': 2, 'gain': 1.321, 'critical_has': -0.357, 'critical_lacks': 0.149, 'power_has': 0.97, 'power_lacks': 0.95, 'verdict': 'has', 'precision_mm': '>= 37'}} 0.1s
chaseEmR  ctx C C:bass:6475-7227 (bar 14–16)                     {'bass': {'rows': 14, 'gain': 52.926, 'critical_has': -38.403, 'critical_lacks': 35.094, 'power_has': 1.0, 'power_lacks': 1.0, 'verdict': 'has', 'precision_mm': 1.3}} 0.1s
chaseEmR  ctx C C:bass:7672-7880 (bar 18–19)                     {'bass': {'rows': 7, 'gain': 5.732, 'critical_has': 0.909, 'critical_lacks': -0.613, 'power_has': 0.93, 'power_lacks': 0.93, 'verdict': 'has', 'precision_mm': 5.3}} 0.1s
chaseEmR  ctx C C:bass:8210-8216 (bar 20–20)                     {'bass': {'rows': 2, 'gain': 15.633, 'critical_has': -5.116, 'critical_lacks': 6.605, 'power_has': 1.0, 'power_lacks': 0.98, 'verdict': 'has', 'precision_mm': 0.0}} 0.1s
chaseEmR  ctx C C:bass:8867-9156 (bar 22–23)                     {'bass': {'rows': 10, 'gain': 6.646, 'critical_has': 1.135, 'critical_lacks': 0.386, 'power_has': 0.93, 'power_lacks': 0.93, 'verdict': 'has', 'precision_mm': 4.0}} 0.1s
chaseEmR  ctx C C:treble:1691-8037 (bar 2–20)                    {'treble': {'rows': 0, 'gain': 0.0, 'design': "group changes no row of this file's model", 'verdict': 'no rows', 'precision_mm': None}} 0.0s
chaseEmR  ctx C C:treble:2776-2892 (bar 6–7)                     {'treble': {'rows': 1, 'gain': -0.066, 'critical_has': 0.766, 'critical_lacks': -0.179, 'power_has': 0.03, 'power_lacks': 0.42, 'verdict': 'undecided', 'precision_mm': 'best at -37 mm'}} 0.1s
chaseEmR  ctx C C:treble:3062-3076 (bar 7–7)                     {'treble': {'rows': 1, 'gain': -0.106, 'critical_has': 0.504, 'critical_lacks': -0.289, 'power_has': 0.13, 'power_lacks': 0.33, 'verdict': 'undecided', 'precision_mm': '>= 37'}} 0.1s
chaseEmR  ctx C C:treble:3252-3270 (bar 8–8)                     {'treble': {'rows': 3, 'gain': -0.058, 'critical_has': 1.831, 'critical_lacks': -0.796, 'power_has': 0.08, 'power_lacks': 0.27, 'verdict': 'undecided', 'precision_mm': '>= 37'}} 0.1s
chaseEmR  ctx C C:treble:3865-3888 (bar 2′–3′)                   {'treble': {'rows': 2, 'gain': 0.635, 'critical_has': 0.923, 'critical_lacks': -0.544, 'power_has': 0.13, 'power_lacks': 0.6, 'verdict': 'undecided', 'precision_mm': '>= 37'}} 0.1s
chaseEmR  ctx C C:treble:4816-5253 (bar 6′–8′)                   {'treble': {'rows': 10, 'gain': 0.627, 'critical_has': 1.88, 'critical_lacks': -1.341, 'power_has': 0.22, 'power_lacks': 0.38, 'verdict': 'undecided', 'precision_mm': 15.9}} 0.1s
chaseEmR  ctx C C:treble:5605-5605 (bar 10–10)                   {'treble': {'rows': 14, 'gain': 0.021, 'critical_has': 1.544, 'critical_lacks': -1.622, 'power_has': 0.3, 'power_lacks': 0.33, 'verdict': 'undecided', 'precision_mm': '>= 37'}} 0.1s
chaseEmR  ctx C C:treble:6608-7072 (bar 14–16)                   {'treble': {'rows': 17, 'gain': 0.637, 'critical_has': 1.892, 'critical_lacks': -2.021, 'power_has': 0.65, 'power_lacks': 0.65, 'verdict': 'undecided', 'precision_mm': 10.6}} 0.1s
chaseEmR  ctx C C:treble:7739-7843 (bar 18–19)                   {'treble': {'rows': 11, 'gain': 0.82, 'critical_has': 2.424, 'critical_lacks': -0.818, 'power_has': 0.12, 'power_lacks': 0.43, 'verdict': 'undecided', 'precision_mm': 18.6}} 0.1s
chaseEmR  ctx C C:treble:8534-8605 (bar 22–22)                   {'treble': {'rows': 2, 'gain': 0.096, 'critical_has': 0.538, 'critical_lacks': -0.529, 'power_has': 0.22, 'power_lacks': 0.35, 'verdict': 'undecided', 'precision_mm': 21.2}} 0.1s
chaseEmR  ctx C C:treble:8953-8968 (bar 23–23)                   {'treble': {'rows': 1, 'gain': -0.156, 'critical_has': 0.597, 'critical_lacks': -0.665, 'power_has': 0.2, 'power_lacks': 0.1, 'verdict': 'undecided', 'precision_mm': 'best at +37 mm'}} 0.1s
chaseEmR  ctx C C:treble:9151-9163 (bar 23–23)                   {'treble': {'rows': 1, 'gain': -0.108, 'critical_has': 0.567, 'critical_lacks': -0.264, 'power_has': 0.07, 'power_lacks': 0.4, 'verdict': 'undecided', 'precision_mm': 'best at -37 mm'}} 0.1s
chaseEmR  ctx C B1:bass:1419-1438 (bar upbeat–upbeat)            {'bass': {'rows': 2, 'gain': -0.668, 'critical_has': -2.829, 'critical_lacks': 3.142, 'power_has': 1.0, 'power_lacks': 0.98, 'verdict': 'undecided', 'precision_mm': '>= 37'}} 0.1s
chaseEmR  ctx C B1:bass:7365-7365 (bar 17–17)                    {'bass': {'rows': 0, 'gain': 0.0, 'design': "group changes no row of this file's model", 'verdict': 'no rows', 'precision_mm': 'best at -37 mm'}} 0.1s
chaseEmR  ctx C A1:bass:1737-1753 (bar 2–2)                      {'bass': {'rows': 1, 'gain': -2.855, 'critical_has': 1.754, 'critical_lacks': 0.76, 'power_has': 0.85, 'power_lacks': 0.9, 'verdict': 'lacks', 'precision_mm': 'best at -37 mm'}} 0.1s
chaseEmR  ctx C A1:bass:2149-2275 (bar 3–4)                      {'bass': {'rows': 4, 'gain': -7.414, 'critical_has': 2.44, 'critical_lacks': -0.531, 'power_has': 0.9, 'power_lacks': 0.92, 'verdict': 'lacks', 'precision_mm': 0.0}} 0.1s
chaseEmR  ctx C A1:bass:3796-3796 (bar 2′–2′)                    {'bass': {'rows': 4, 'gain': -4.524, 'critical_has': 2.363, 'critical_lacks': -0.492, 'power_has': 0.57, 'power_lacks': 0.92, 'verdict': 'lacks', 'precision_mm': 7.9}} 0.1s
chaseEmR  ctx C A1:bass:4056-4067 (bar 3′–3′)                    {'bass': {'rows': 4, 'gain': 0.249, 'critical_has': -11.279, 'critical_lacks': 26.031, 'power_has': 1.0, 'power_lacks': 1.0, 'verdict': 'undecided', 'precision_mm': 0.0}} 0.1s
chaseEmR  ctx C A1:bass:5363-5583 (bar 8′–9)                     {'bass': {'rows': 14, 'gain': -180.018, 'critical_has': -95.059, 'critical_lacks': 85.005, 'power_has': 1.0, 'power_lacks': 1.0, 'verdict': 'lacks', 'precision_mm': 0.0}} 0.1s
chaseEmR  ctx C A1:bass:7924-8040 (bar 19–20)                    {'bass': {'rows': 14, 'gain': -53.59, 'critical_has': -73.585, 'critical_lacks': 78.865, 'power_has': 1.0, 'power_lacks': 1.0, 'verdict': 'undecided', 'precision_mm': 0.0}} 0.1s
chaseEmR  ctx C A1:bass:8543-8628 (bar 22–22)                    {'bass': {'rows': 3, 'gain': -6.714, 'critical_has': 0.091, 'critical_lacks': -3.849, 'power_has': 0.87, 'power_lacks': 0.48, 'verdict': 'lacks', 'precision_mm': '>= 37'}} 0.1s
chaseEmR  ctx C A1:soft:5507-5667 (bar 9–10)                     {'bass': {'rows': 2, 'gain': -38.438, 'critical_has': -23.358, 'critical_lacks': 3.953, 'power_has': 1.0, 'power_lacks': 1.0, 'verdict': 'lacks', 'precision_mm': 5.3}, 'treble': {'rows': 5, 'gain': -34.603, 'critical_has': -14.694, 'critical_lacks': 8.295, 'power_has': 1.0, 'power_lacks': 1.0, 'verdict': 'lacks', 'precision_mm': 'best at -21 mm'}} 0.9s
chaseEmR  ctx C A1:soft:6250-6250 (bar 13–13)                    {'bass': {'rows': 2, 'gain': -97.618, 'critical_has': -43.587, 'critical_lacks': -2.232, 'power_has': 1.0, 'power_lacks': 1.0, 'verdict': 'lacks', 'precision_mm': '>= 37'}, 'treble': {'rows': 1, 'gain': -5.152, 'critical_has': -5.441, 'critical_lacks': -0.787, 'power_has': 1.0, 'power_lacks': 0.98, 'verdict': 'undecided', 'precision_mm': '>= 37'}} 0.9s
chaseEmR  ctx C A1:treble:1964-2112 (bar 3–3)                    {'treble': {'rows': 13, 'gain': -11.575, 'critical_has': 1.303, 'critical_lacks': -3.82, 'power_has': 0.83, 'power_lacks': 0.82, 'verdict': 'lacks', 'precision_mm': 'best at +37 mm'}} 0.1s
chaseEmR  ctx C A1:treble:2636-2685 (bar 6–6)                    {'treble': {'rows': 9, 'gain': -12.665, 'critical_has': 1.248, 'critical_lacks': 3.405, 'power_has': 0.98, 'power_lacks': 0.98, 'verdict': 'lacks', 'precision_mm': 'best at +21 mm'}} 0.1s
chaseEmR  ctx C A1:treble:2864-2873 (bar 7–7)                    {'treble': {'rows': 11, 'gain': -14.437, 'critical_has': -1.007, 'critical_lacks': 4.846, 'power_has': 1.0, 'power_lacks': 1.0, 'verdict': 'lacks', 'precision_mm': 'best at -21 mm'}} 0.1s
chaseEmR  ctx C A1:treble:4561-4645 (bar 6′–6′)                  {'treble': {'rows': 6, 'gain': -1.13, 'critical_has': 1.125, 'critical_lacks': -1.378, 'power_has': 0.33, 'power_lacks': 0.48, 'verdict': 'undecided', 'precision_mm': 'best at -37 mm'}} 0.1s
chaseEmR  ctx C A1:treble:5547-5589 (bar 9–10)                   {'treble': {'rows': 15, 'gain': -2.607, 'critical_has': 1.198, 'critical_lacks': -2.426, 'power_has': 0.57, 'power_lacks': 0.3, 'verdict': 'lacks', 'precision_mm': 'best at -21 mm'}} 0.1s
chaseEmR  ctx C A1:treble:5868-5892 (bar 11–11)                  {'treble': {'rows': 0, 'gain': 0.0, 'design': "group changes no row of this file's model", 'verdict': 'no rows', 'precision_mm': '>= 38'}} 0.1s
chaseEmR  ctx C A1:treble:6216-6458 (bar 12–13)                  {'treble': {'rows': 0, 'gain': 0.0, 'design': "group changes no row of this file's model", 'verdict': 'no rows', 'precision_mm': 13.2}} 0.1s
chaseEmR  ctx C A1:treble:7524-7568 (bar 18–18)                  {'treble': {'rows': 0, 'gain': 0.0, 'design': "group changes no row of this file's model", 'verdict': 'no rows', 'precision_mm': 'best at +21 mm'}} 0.1s
chaseEmR  ctx C A1:treble:7993-7993 (bar 19–19)                  {'treble': {'rows': 0, 'gain': 0.0, 'design': "group changes no row of this file's model", 'verdict': 'no rows', 'precision_mm': 'best at -37 mm'}} 0.1s
chaseEmR  ctx C A1:treble:8449-8550 (bar 21–22)                  {'treble': {'rows': 3, 'gain': -11.312, 'critical_has': 2.047, 'critical_lacks': 3.592, 'power_has': 0.97, 'power_lacks': 0.98, 'verdict': 'lacks', 'precision_mm': 'best at -21 mm'}} 0.1s
chaseEmR  ctx C A1:treble:9085-9085 (bar 23–23)                  {'treble': {'rows': 1, 'gain': -0.674, 'critical_has': 1.616, 'critical_lacks': -0.545, 'power_has': 0.03, 'power_lacks': 0.38, 'verdict': 'lacks', 'precision_mm': 'best at -37 mm'}} 0.1s
chaseEmR  ctx C A1:treble:10060-10060 (bar 24–24)                {'treble': {'rows': 0, 'gain': 0.0, 'design': "group changes no row of this file's model", 'verdict': 'no rows', 'precision_mm': None}} 0.1s
chaseEmR  ctx C D1:bass:1145-1243 (bar upbeat–upbeat)            {'bass': {'rows': 0, 'gain': 0.0, 'design': "group changes no row of this file's model", 'verdict': 'no rows', 'precision_mm': None}} 0.1s
chaseEmR  ctx C D1:soft:6338-6338 (bar 13–13)                    {'bass': {'rows': 0, 'gain': 0.0, 'design': "group changes no row of this file's model", 'verdict': 'no rows', 'precision_mm': None}, 'treble': {'rows': 0, 'gain': 0.0, 'design': "group changes no row of this file's model", 'verdict': 'no rows', 'precision_mm': None}} 0.0s
phillipsR ctx B B:bass:1483-1609 (bar 1–1)                       {'bass': {'rows': 0, 'gain': 0.0, 'design': "group changes no row of this file's model", 'verdict': 'no rows', 'precision_mm': 'best at -33 mm'}} 0.1s
phillipsR ctx B B:bass:2136-2568 (bar 3–5)                       {'bass': {'rows': 6, 'gain': 6.51, 'critical_has': -1.823, 'critical_lacks': 1.153, 'power_has': 1.0, 'power_lacks': 1.0, 'verdict': 'has', 'precision_mm': 1.2}} 0.1s
phillipsR ctx B B:bass:3361-3547 (bar 8–1′)                      {'bass': {'rows': 4, 'gain': 3.935, 'critical_has': 2.352, 'critical_lacks': -0.378, 'power_has': 0.68, 'power_lacks': 0.77, 'verdict': 'has', 'precision_mm': 7.3}} 0.1s
phillipsR ctx B B:bass:3806-3806 (bar 2′–2′)                     {'bass': {'rows': 2, 'gain': 0.853, 'critical_has': 0.668, 'critical_lacks': -0.303, 'power_has': 0.43, 'power_lacks': 0.77, 'verdict': 'has', 'precision_mm': 17.1}} 0.1s
phillipsR ctx B B:bass:4047-4483 (bar 3′–5′)                     {'bass': {'rows': 11, 'gain': 1.485, 'critical_has': 3.65, 'critical_lacks': -0.683, 'power_has': 0.65, 'power_lacks': 0.9, 'verdict': 'undecided', 'precision_mm': 2.5}} 0.1s
phillipsR ctx B B:bass:4814-4909 (bar 6′–7′)                     {'bass': {'rows': 4, 'gain': 0.961, 'critical_has': 1.07, 'critical_lacks': -0.924, 'power_has': 0.55, 'power_lacks': 0.7, 'verdict': 'undecided', 'precision_mm': '>= 35'}} 0.1s
phillipsR ctx B B:bass:5341-5878 (bar 8′–11)                     {'bass': {'rows': 16, 'gain': 98.559, 'critical_has': -60.852, 'critical_lacks': 62.138, 'power_has': 1.0, 'power_lacks': 1.0, 'verdict': 'has', 'precision_mm': 1.2}} 0.1s
phillipsR ctx B B:bass:6079-6234 (bar 12–13)                     {'bass': {'rows': 6, 'gain': 17.183, 'critical_has': -9.929, 'critical_lacks': 13.818, 'power_has': 1.0, 'power_lacks': 1.0, 'verdict': 'has', 'precision_mm': 1.3}} 0.1s
phillipsR ctx B B:bass:7256-7396 (bar 16–17)                     {'bass': {'rows': 0, 'gain': 0.0, 'design': "group changes no row of this file's model", 'verdict': 'no rows', 'precision_mm': 'best at -35 mm'}} 0.1s
phillipsR ctx B B:bass:7939-8425 (bar 19–21)                     {'bass': {'rows': 11, 'gain': 5.467, 'critical_has': 1.186, 'critical_lacks': 2.018, 'power_has': 0.98, 'power_lacks': 0.95, 'verdict': 'has', 'precision_mm': 2.5}} 0.1s
phillipsR ctx B B:bass:8553-8568 (bar 22–22)                     {'bass': {'rows': 3, 'gain': -0.263, 'critical_has': 1.477, 'critical_lacks': -1.07, 'power_has': 0.38, 'power_lacks': 0.55, 'verdict': 'undecided', 'precision_mm': '>= 36'}} 0.1s
phillipsR ctx B B:bass:9198-9210 (bar 23–23)                     {'bass': {'rows': 2, 'gain': -0.037, 'critical_has': 0.749, 'critical_lacks': -0.796, 'power_has': 0.23, 'power_lacks': 0.12, 'verdict': 'undecided', 'precision_mm': '>= 36'}} 0.1s
phillipsR ctx B B:bass:9420-9673 (bar 24–24)                     {'bass': {'rows': 6, 'gain': 0.928, 'critical_has': 1.582, 'critical_lacks': 0.513, 'power_has': 0.87, 'power_lacks': 0.93, 'verdict': 'undecided', 'precision_mm': '>= 36'}} 0.1s
phillipsR ctx B B:soft:5316-5316 (bar 8′–8′)                     {'bass': {'rows': 13, 'gain': 1.533, 'critical_has': 1.934, 'critical_lacks': -2.3, 'power_has': 0.03, 'power_lacks': 0.13, 'verdict': 'undecided', 'precision_mm': 'best at +20 mm'}, 'treble': {'rows': 12, 'gain': 2.604, 'critical_has': 0.659, 'critical_lacks': -0.867, 'power_has': 0.45, 'power_lacks': 0.37, 'verdict': 'has', 'precision_mm': 'best at -35 mm'}} 0.9s
phillipsR ctx B B:soft:5771-5771 (bar 10–10)                     {'bass': {'rows': 21, 'gain': 0.0, 'critical_has': 0.745, 'critical_lacks': -1.861, 'power_has': 0.07, 'power_lacks': 0.03, 'verdict': 'undecided', 'precision_mm': '>= 35'}, 'treble': {'rows': 8, 'gain': 0.0, 'critical_has': 1.068, 'critical_lacks': -1.162, 'power_has': 0.25, 'power_lacks': 0.17, 'verdict': 'undecided', 'precision_mm': 'best at -35 mm'}} 0.9s
phillipsR ctx B B:treble:1709-1759 (bar 2–2)                     {'treble': {'rows': 7, 'gain': 14.545, 'critical_has': -4.488, 'critical_lacks': 3.591, 'power_has': 1.0, 'power_lacks': 1.0, 'verdict': 'has', 'precision_mm': 12.0}} 0.1s
phillipsR ctx B B:treble:1932-2163 (bar 2–3)                     {'treble': {'rows': 7, 'gain': 0.103, 'critical_has': 1.586, 'critical_lacks': -0.843, 'power_has': 0.45, 'power_lacks': 0.67, 'verdict': 'undecided', 'precision_mm': 'best at +19 mm'}} 0.1s
phillipsR ctx B B:treble:2569-2678 (bar 5–6)                     {'treble': {'rows': 8, 'gain': 23.309, 'critical_has': -12.808, 'critical_lacks': 5.941, 'power_has': 1.0, 'power_lacks': 1.0, 'verdict': 'has', 'precision_mm': 9.7}} 0.1s
phillipsR ctx B B:treble:3926-4074 (bar 3′–3′)                   {'treble': {'rows': 8, 'gain': 0.225, 'critical_has': 1.123, 'critical_lacks': -1.023, 'power_has': 0.27, 'power_lacks': 0.35, 'verdict': 'undecided', 'precision_mm': 'best at -20 mm'}} 0.1s
phillipsR ctx B B:treble:4580-4603 (bar 6′–6′)                   {'treble': {'rows': 1, 'gain': 0.257, 'critical_has': 0.511, 'critical_lacks': -0.743, 'power_has': 0.07, 'power_lacks': 0.03, 'verdict': 'undecided', 'precision_mm': '>= 34'}} 0.1s
phillipsR ctx B B:treble:5535-5979 (bar 9–11)                    {'treble': {'rows': 18, 'gain': 46.935, 'critical_has': -27.663, 'critical_lacks': 34.308, 'power_has': 1.0, 'power_lacks': 1.0, 'verdict': 'has', 'precision_mm': 1.2}} 0.1s
phillipsR ctx B B:treble:6182-6182 (bar 12–12)                   {'treble': {'rows': 3, 'gain': 4.298, 'critical_has': 2.495, 'critical_lacks': -1.39, 'power_has': 0.52, 'power_lacks': 0.78, 'verdict': 'has', 'precision_mm': '>= 35'}} 0.1s
phillipsR ctx B B:treble:6339-6503 (bar 13–14)                   {'treble': {'rows': 11, 'gain': 14.718, 'critical_has': -3.449, 'critical_lacks': 1.384, 'power_has': 1.0, 'power_lacks': 0.98, 'verdict': 'has', 'precision_mm': 15.0}} 0.1s
phillipsR ctx B B:treble:7431-7686 (bar 17–18)                   {'treble': {'rows': 18, 'gain': 366.364, 'critical_has': -304.337, 'critical_lacks': 251.688, 'power_has': 1.0, 'power_lacks': 1.0, 'verdict': 'has', 'precision_mm': 10.2}} 0.1s
phillipsR ctx B B:treble:7952-8020 (bar 19–20)                   {'treble': {'rows': 5, 'gain': -0.393, 'critical_has': -0.03, 'critical_lacks': 0.489, 'power_has': 0.98, 'power_lacks': 0.97, 'verdict': 'lacks', 'precision_mm': 'best at +36 mm'}} 0.1s
phillipsR ctx B B:treble:8438-8498 (bar 21–21)                   {'treble': {'rows': 7, 'gain': 32.298, 'critical_has': -20.873, 'critical_lacks': 17.342, 'power_has': 1.0, 'power_lacks': 1.0, 'verdict': 'has', 'precision_mm': '>= 36'}} 0.1s
phillipsR ctx B B:treble:8753-9054 (bar 22–23)                   {'treble': {'rows': 4, 'gain': 0.153, 'critical_has': 0.899, 'critical_lacks': -0.827, 'power_has': 0.2, 'power_lacks': 0.22, 'verdict': 'undecided', 'precision_mm': '>= 36'}} 0.1s
phillipsR ctx B B:treble:9213-9222 (bar 23–23)                   {'treble': {'rows': 1, 'gain': -0.312, 'critical_has': 0.5, 'critical_lacks': -0.214, 'power_has': 0.08, 'power_lacks': 0.27, 'verdict': 'lacks', 'precision_mm': 'best at -36 mm'}} 0.1s
phillipsR ctx B C:bass:1433-1473 (bar upbeat–Auftakt)            {'bass': {'rows': 2, 'gain': 9.741, 'critical_has': -4.377, 'critical_lacks': 3.765, 'power_has': 0.98, 'power_lacks': 0.98, 'verdict': 'has', 'precision_mm': 1.2}} 0.1s
phillipsR ctx B C:bass:1875-2077 (bar 2–3)                       {'bass': {'rows': 7, 'gain': 3.033, 'critical_has': 2.02, 'critical_lacks': -0.991, 'power_has': 0.55, 'power_lacks': 0.82, 'verdict': 'has', 'precision_mm': 9.6}} 0.2s
phillipsR ctx B C:bass:2231-2475 (bar 4–5)                       {'bass': {'rows': 5, 'gain': 4.73, 'critical_has': 1.338, 'critical_lacks': -0.774, 'power_has': 0.45, 'power_lacks': 0.57, 'verdict': 'has', 'precision_mm': 0.0}} 0.1s
phillipsR ctx B C:bass:2659-2671 (bar 6–6)                       {'bass': {'rows': 2, 'gain': 0.507, 'critical_has': 1.244, 'critical_lacks': -0.872, 'power_has': 0.2, 'power_lacks': 0.35, 'verdict': 'undecided', 'precision_mm': '>= 34'}} 0.1s
phillipsR ctx B C:bass:2853-3109 (bar 6–8)                       {'bass': {'rows': 8, 'gain': 0.804, 'critical_has': 1.67, 'critical_lacks': -1.167, 'power_has': 0.3, 'power_lacks': 0.55, 'verdict': 'undecided', 'precision_mm': '>= 34'}} 0.1s
phillipsR ctx B C:bass:3252-3263 (bar 8–8)                       {'bass': {'rows': 2, 'gain': 0.212, 'critical_has': 0.896, 'critical_lacks': -0.817, 'power_has': 0.3, 'power_lacks': 0.33, 'verdict': 'undecided', 'precision_mm': '>= 34'}} 0.1s
phillipsR ctx B C:bass:3863-3938 (bar 2′–3′)                     {'bass': {'rows': 4, 'gain': 1.243, 'critical_has': 0.779, 'critical_lacks': -0.964, 'power_has': 0.62, 'power_lacks': 0.73, 'verdict': 'has', 'precision_mm': 17.2}} 0.1s
phillipsR ctx B C:bass:4281-4286 (bar 4′–4′)                     {'bass': {'rows': 1, 'gain': 4.084, 'critical_has': 1.291, 'critical_lacks': -0.558, 'power_has': 0.18, 'power_lacks': 0.58, 'verdict': 'has', 'precision_mm': 0.0}} 0.1s
phillipsR ctx B C:bass:5036-5175 (bar 7′–8′)                     {'bass': {'rows': 2, 'gain': 0.404, 'critical_has': 1.287, 'critical_lacks': -0.988, 'power_has': 0.15, 'power_lacks': 0.35, 'verdict': 'undecided', 'precision_mm': '>= 35'}} 0.1s
phillipsR ctx B C:bass:6475-7227 (bar 14–16)                     {'bass': {'rows': 14, 'gain': 18.239, 'critical_has': -4.525, 'critical_lacks': 2.972, 'power_has': 1.0, 'power_lacks': 1.0, 'verdict': 'has', 'precision_mm': 0.0}} 0.1s
phillipsR ctx B C:bass:7672-7880 (bar 18–19)                     {'bass': {'rows': 7, 'gain': 1.26, 'critical_has': 1.977, 'critical_lacks': -1.318, 'power_has': 0.23, 'power_lacks': 0.43, 'verdict': 'undecided', 'precision_mm': '>= 36'}} 0.1s
phillipsR ctx B C:bass:8210-8216 (bar 20–20)                     {'bass': {'rows': 2, 'gain': 3.861, 'critical_has': -2.967, 'critical_lacks': 1.952, 'power_has': 0.98, 'power_lacks': 1.0, 'verdict': 'has', 'precision_mm': 2.6}} 0.1s
phillipsR ctx B C:bass:8867-9156 (bar 22–23)                     {'bass': {'rows': 11, 'gain': 0.483, 'critical_has': 1.482, 'critical_lacks': -1.255, 'power_has': 0.45, 'power_lacks': 0.68, 'verdict': 'undecided', 'precision_mm': '>= 36'}} 0.1s
phillipsR ctx B C:treble:1691-8037 (bar 2–20)                    {'treble': {'rows': 0, 'gain': 0.0, 'design': "group changes no row of this file's model", 'verdict': 'no rows', 'precision_mm': None}} 0.0s
phillipsR ctx B C:treble:2776-2892 (bar 6–7)                     {'treble': {'rows': 1, 'gain': 0.238, 'critical_has': 0.304, 'critical_lacks': -0.476, 'power_has': 0.18, 'power_lacks': 0.07, 'verdict': 'undecided', 'precision_mm': '>= 34'}} 0.1s
phillipsR ctx B C:treble:3062-3076 (bar 7–7)                     {'treble': {'rows': 1, 'gain': -0.368, 'critical_has': 0.41, 'critical_lacks': -0.595, 'power_has': 0.23, 'power_lacks': 0.07, 'verdict': 'undecided', 'precision_mm': '>= 34'}} 0.1s
phillipsR ctx B C:treble:3252-3270 (bar 8–8)                     {'treble': {'rows': 3, 'gain': -0.408, 'critical_has': 1.927, 'critical_lacks': -0.951, 'power_has': 0.08, 'power_lacks': 0.25, 'verdict': 'undecided', 'precision_mm': '>= 34'}} 0.1s
phillipsR ctx B C:treble:3865-3888 (bar 2′–3′)                   {'treble': {'rows': 1, 'gain': 0.398, 'critical_has': 1.383, 'critical_lacks': -1.159, 'power_has': 0.07, 'power_lacks': 0.07, 'verdict': 'undecided', 'precision_mm': '>= 34'}} 0.1s
phillipsR ctx B C:treble:4816-5253 (bar 6′–8′)                   {'treble': {'rows': 7, 'gain': 1.109, 'critical_has': 1.358, 'critical_lacks': -0.769, 'power_has': 0.43, 'power_lacks': 0.63, 'verdict': 'undecided', 'precision_mm': 17.2}} 0.1s
phillipsR ctx B C:treble:5605-5605 (bar 10–10)                   {'treble': {'rows': 15, 'gain': -11.613, 'critical_has': 0.618, 'critical_lacks': 2.732, 'power_has': 0.97, 'power_lacks': 0.98, 'verdict': 'lacks', 'precision_mm': 'best at -35 mm'}} 0.1s
phillipsR ctx B C:treble:6608-7072 (bar 14–16)                   {'treble': {'rows': 13, 'gain': -0.164, 'critical_has': 1.687, 'critical_lacks': -1.727, 'power_has': 0.38, 'power_lacks': 0.27, 'verdict': 'undecided', 'precision_mm': 17.6}} 0.1s
phillipsR ctx B C:treble:7739-7843 (bar 18–19)                   {'treble': {'rows': 3, 'gain': -0.393, 'critical_has': 0.872, 'critical_lacks': -1.303, 'power_has': 0.17, 'power_lacks': 0.07, 'verdict': 'undecided', 'precision_mm': 'best at -20 mm'}} 0.1s
phillipsR ctx B C:treble:8534-8605 (bar 22–22)                   {'treble': {'rows': 2, 'gain': 0.517, 'critical_has': 0.54, 'critical_lacks': -0.598, 'power_has': 0.12, 'power_lacks': 0.08, 'verdict': 'undecided', 'precision_mm': 20.7}} 0.1s
phillipsR ctx B C:treble:8953-8968 (bar 23–23)                   {'treble': {'rows': 1, 'gain': -0.518, 'critical_has': 0.544, 'critical_lacks': -0.565, 'power_has': 0.15, 'power_lacks': 0.23, 'verdict': 'undecided', 'precision_mm': 'best at +36 mm'}} 0.1s
phillipsR ctx B C:treble:9151-9163 (bar 23–23)                   {'treble': {'rows': 1, 'gain': -0.129, 'critical_has': 0.792, 'critical_lacks': -0.618, 'power_has': 0.03, 'power_lacks': 0.08, 'verdict': 'undecided', 'precision_mm': 'best at -36 mm'}} 0.1s
phillipsR ctx B B1:bass:1419-1438 (bar upbeat–upbeat)            {'bass': {'rows': 1, 'gain': 5.17, 'critical_has': 2.11, 'critical_lacks': -0.381, 'power_has': 0.2, 'power_lacks': 0.73, 'verdict': 'has', 'precision_mm': 4.8}} 0.1s
phillipsR ctx B B1:bass:7365-7365 (bar 17–17)                    {'bass': {'rows': 0, 'gain': 0.0, 'design': "group changes no row of this file's model", 'verdict': 'no rows', 'precision_mm': 'best at -35 mm'}} 0.1s
phillipsR ctx B A1:bass:1737-1753 (bar 2–2)                      {'bass': {'rows': 2, 'gain': -1.001, 'critical_has': 0.339, 'critical_lacks': -0.45, 'power_has': 0.55, 'power_lacks': 0.55, 'verdict': 'lacks', 'precision_mm': 'best at -34 mm'}} 0.1s
phillipsR ctx B A1:bass:2149-2275 (bar 3–4)                      {'bass': {'rows': 4, 'gain': -2.094, 'critical_has': 3.274, 'critical_lacks': -0.893, 'power_has': 0.08, 'power_lacks': 0.52, 'verdict': 'lacks', 'precision_mm': 4.8}} 0.1s
phillipsR ctx B A1:bass:3796-3796 (bar 2′–2′)                    {'bass': {'rows': 2, 'gain': -0.545, 'critical_has': 1.941, 'critical_lacks': -0.865, 'power_has': 0.05, 'power_lacks': 0.3, 'verdict': 'undecided', 'precision_mm': 12.2}} 0.1s
phillipsR ctx B A1:bass:4056-4067 (bar 3′–3′)                    {'bass': {'rows': 9, 'gain': -2.544, 'critical_has': 0.082, 'critical_lacks': 3.064, 'power_has': 0.98, 'power_lacks': 0.97, 'verdict': 'lacks', 'precision_mm': 8.6}} 0.1s
phillipsR ctx B A1:bass:5363-5583 (bar 8′–9)                     {'bass': {'rows': 8, 'gain': -32.227, 'critical_has': -9.752, 'critical_lacks': 3.563, 'power_has': 1.0, 'power_lacks': 1.0, 'verdict': 'lacks', 'precision_mm': 'best at +20 mm'}} 0.1s
phillipsR ctx B A1:bass:7924-8040 (bar 19–20)                    {'bass': {'rows': 13, 'gain': -18.714, 'critical_has': -7.146, 'critical_lacks': 6.25, 'power_has': 1.0, 'power_lacks': 1.0, 'verdict': 'lacks', 'precision_mm': 'best at +36 mm'}} 0.1s
phillipsR ctx B A1:bass:8543-8628 (bar 22–22)                    {'bass': {'rows': 3, 'gain': -1.715, 'critical_has': 1.505, 'critical_lacks': -1.327, 'power_has': 0.2, 'power_lacks': 0.42, 'verdict': 'lacks', 'precision_mm': '>= 36'}} 0.1s
phillipsR ctx B A1:soft:5507-5667 (bar 9–10)                     {'bass': {'rows': 2, 'gain': -1.655, 'critical_has': 1.265, 'critical_lacks': -1.929, 'power_has': 0.05, 'power_lacks': 0.07, 'verdict': 'undecided', 'precision_mm': 5.0}, 'treble': {'rows': 5, 'gain': -0.719, 'critical_has': 0.748, 'critical_lacks': -1.163, 'power_has': 0.32, 'power_lacks': 0.12, 'verdict': 'undecided', 'precision_mm': 'best at +20 mm'}} 0.9s
phillipsR ctx B A1:soft:6250-6250 (bar 13–13)                    {'bass': {'rows': 2, 'gain': 0.734, 'critical_has': 0.512, 'critical_lacks': -1.15, 'power_has': 0.1, 'power_lacks': 0.05, 'verdict': 'has', 'precision_mm': 'best at -35 mm'}, 'treble': {'rows': 1, 'gain': 0.022, 'critical_has': 0.002, 'critical_lacks': -1.782, 'power_has': 0.05, 'power_lacks': 0.08, 'verdict': 'has', 'precision_mm': '>= 35'}} 0.9s
phillipsR ctx B A1:treble:1964-2112 (bar 3–3)                    {'treble': {'rows': 7, 'gain': -4.562, 'critical_has': 1.443, 'critical_lacks': -1.092, 'power_has': 0.77, 'power_lacks': 0.68, 'verdict': 'lacks', 'precision_mm': 'best at +34 mm'}} 0.1s
phillipsR ctx B A1:treble:2636-2685 (bar 6–6)                    {'treble': {'rows': 4, 'gain': -4.478, 'critical_has': -1.726, 'critical_lacks': 1.231, 'power_has': 1.0, 'power_lacks': 1.0, 'verdict': 'lacks', 'precision_mm': 7.3}} 0.1s
phillipsR ctx B A1:treble:2864-2873 (bar 7–7)                    {'treble': {'rows': 2, 'gain': -0.442, 'critical_has': 1.137, 'critical_lacks': -1.285, 'power_has': 0.28, 'power_lacks': 0.22, 'verdict': 'undecided', 'precision_mm': '>= 34'}} 0.1s
phillipsR ctx B A1:treble:4561-4645 (bar 6′–6′)                  {'treble': {'rows': 4, 'gain': -0.358, 'critical_has': 0.899, 'critical_lacks': -1.061, 'power_has': 0.55, 'power_lacks': 0.48, 'verdict': 'undecided', 'precision_mm': 12.2}} 0.1s
phillipsR ctx B A1:treble:5547-5589 (bar 9–10)                   {'treble': {'rows': 15, 'gain': -16.281, 'critical_has': -5.336, 'critical_lacks': 17.554, 'power_has': 1.0, 'power_lacks': 1.0, 'verdict': 'lacks', 'precision_mm': '>= 35'}} 0.1s
phillipsR ctx B A1:treble:5868-5892 (bar 11–11)                  {'treble': {'rows': 0, 'gain': 0.0, 'design': "group changes no row of this file's model", 'verdict': 'no rows', 'precision_mm': '>= 35'}} 0.1s
phillipsR ctx B A1:treble:6216-6458 (bar 12–13)                  {'treble': {'rows': 0, 'gain': 0.0, 'design': "group changes no row of this file's model", 'verdict': 'no rows', 'precision_mm': 'best at -20 mm'}} 0.1s
phillipsR ctx B A1:treble:7524-7568 (bar 18–18)                  {'treble': {'rows': 0, 'gain': 0.0, 'design': "group changes no row of this file's model", 'verdict': 'no rows', 'precision_mm': '>= 36'}} 0.1s
phillipsR ctx B A1:treble:7993-7993 (bar 19–19)                  {'treble': {'rows': 0, 'gain': 0.0, 'design': "group changes no row of this file's model", 'verdict': 'no rows', 'precision_mm': 'best at -36 mm'}} 0.1s
phillipsR ctx B A1:treble:8449-8550 (bar 21–22)                  {'treble': {'rows': 3, 'gain': -5.647, 'critical_has': 0.253, 'critical_lacks': 0.699, 'power_has': 0.97, 'power_lacks': 0.97, 'verdict': 'lacks', 'precision_mm': 'best at +36 mm'}} 0.1s
phillipsR ctx B A1:treble:9085-9085 (bar 23–23)                  {'treble': {'rows': 1, 'gain': -0.545, 'critical_has': 0.964, 'critical_lacks': -1.024, 'power_has': 0.13, 'power_lacks': 0.07, 'verdict': 'undecided', 'precision_mm': 'best at -36 mm'}} 0.1s
phillipsR ctx B A1:treble:10060-10060 (bar 24–24)                {'treble': {'rows': 0, 'gain': 0.0, 'design': "group changes no row of this file's model", 'verdict': 'no rows', 'precision_mm': None}} 0.1s
phillipsR ctx B D1:bass:1145-1243 (bar upbeat–upbeat)            {'bass': {'rows': 0, 'gain': 0.0, 'design': "group changes no row of this file's model", 'verdict': 'no rows', 'precision_mm': None}} 0.1s
phillipsR ctx B D1:soft:6338-6338 (bar 13–13)                    {'bass': {'rows': 0, 'gain': 0.0, 'design': "group changes no row of this file's model", 'verdict': 'no rows', 'precision_mm': None}, 'treble': {'rows': 0, 'gain': 0.0, 'design': "group changes no row of this file's model", 'verdict': 'no rows', 'precision_mm': None}} 0.0s
phillipsR ctx C B:bass:1483-1609 (bar 1–1)                       {'bass': {'rows': 0, 'gain': 0.0, 'design': "group changes no row of this file's model", 'verdict': 'no rows', 'precision_mm': 'best at -33 mm'}} 0.1s
phillipsR ctx C B:bass:2136-2568 (bar 3–5)                       {'bass': {'rows': 6, 'gain': 29.886, 'critical_has': -18.525, 'critical_lacks': 18.219, 'power_has': 1.0, 'power_lacks': 1.0, 'verdict': 'has', 'precision_mm': 0.0}} 0.1s
phillipsR ctx C B:bass:3361-3547 (bar 8–1′)                      {'bass': {'rows': 4, 'gain': 21.519, 'critical_has': -5.916, 'critical_lacks': 1.593, 'power_has': 0.98, 'power_lacks': 1.0, 'verdict': 'has', 'precision_mm': 3.7}} 0.1s
phillipsR ctx C B:bass:3806-3806 (bar 2′–2′)                     {'bass': {'rows': 2, 'gain': 5.036, 'critical_has': -0.971, 'critical_lacks': 0.79, 'power_has': 0.98, 'power_lacks': 0.97, 'verdict': 'has', 'precision_mm': 7.3}} 0.1s
phillipsR ctx C B:bass:4047-4483 (bar 3′–5′)                     {'bass': {'rows': 11, 'gain': 13.537, 'critical_has': -12.936, 'critical_lacks': 18.527, 'power_has': 1.0, 'power_lacks': 1.0, 'verdict': 'undecided', 'precision_mm': 1.2}} 0.1s
phillipsR ctx C B:bass:4814-4909 (bar 6′–7′)                     {'bass': {'rows': 4, 'gain': 9.476, 'critical_has': -0.297, 'critical_lacks': -0.621, 'power_has': 0.93, 'power_lacks': 0.93, 'verdict': 'has', 'precision_mm': 5.0}} 0.1s
phillipsR ctx C B:bass:5341-5878 (bar 8′–11)                     {'bass': {'rows': 16, 'gain': 459.994, 'critical_has': -372.661, 'critical_lacks': 357.334, 'power_has': 1.0, 'power_lacks': 1.0, 'verdict': 'has', 'precision_mm': 1.2}} 0.1s
phillipsR ctx C B:bass:6079-6234 (bar 12–13)                     {'bass': {'rows': 6, 'gain': 75.295, 'critical_has': -86.449, 'critical_lacks': 74.456, 'power_has': 1.0, 'power_lacks': 1.0, 'verdict': 'has', 'precision_mm': 1.3}} 0.1s
phillipsR ctx C B:bass:7256-7396 (bar 16–17)                     {'bass': {'rows': 0, 'gain': 0.0, 'design': "group changes no row of this file's model", 'verdict': 'no rows', 'precision_mm': 'best at -35 mm'}} 0.1s
phillipsR ctx C B:bass:7939-8425 (bar 19–21)                     {'bass': {'rows': 12, 'gain': -0.183, 'critical_has': -59.716, 'critical_lacks': 45.764, 'power_has': 1.0, 'power_lacks': 1.0, 'verdict': 'undecided', 'precision_mm': 0.0}} 0.1s
phillipsR ctx C B:bass:8553-8568 (bar 22–22)                     {'bass': {'rows': 3, 'gain': 1.894, 'critical_has': -0.304, 'critical_lacks': 1.297, 'power_has': 0.95, 'power_lacks': 1.0, 'verdict': 'has', 'precision_mm': 15.5}} 0.1s
phillipsR ctx C B:bass:9198-9210 (bar 23–23)                     {'bass': {'rows': 2, 'gain': 1.351, 'critical_has': 0.537, 'critical_lacks': -1.351, 'power_has': 0.72, 'power_lacks': 0.37, 'verdict': 'has', 'precision_mm': '>= 36'}} 0.1s
phillipsR ctx C B:bass:9420-9673 (bar 24–24)                     {'bass': {'rows': 6, 'gain': 10.208, 'critical_has': -21.805, 'critical_lacks': 17.332, 'power_has': 1.0, 'power_lacks': 1.0, 'verdict': 'undecided', 'precision_mm': 0.0}} 0.1s
phillipsR ctx C B:soft:5316-5316 (bar 8′–8′)                     {'bass': {'rows': 13, 'gain': 0.0, 'critical_has': 2.017, 'critical_lacks': -10.107, 'power_has': 0.08, 'power_lacks': 0.02, 'verdict': 'undecided', 'precision_mm': 'best at -35 mm'}, 'treble': {'rows': 12, 'gain': 2.115, 'critical_has': 0.651, 'critical_lacks': -0.597, 'power_has': 0.38, 'power_lacks': 0.42, 'verdict': 'has', 'precision_mm': 'best at -35 mm'}} 0.9s
phillipsR ctx C B:soft:5771-5771 (bar 10–10)                     {'bass': {'rows': 21, 'gain': 0.0, 'critical_has': 0.375, 'critical_lacks': -1.179, 'power_has': 0.2, 'power_lacks': 0.02, 'verdict': 'undecided', 'precision_mm': 'best at -35 mm'}, 'treble': {'rows': 8, 'gain': 0.0, 'critical_has': 0.783, 'critical_lacks': -0.384, 'power_has': 0.28, 'power_lacks': 0.38, 'verdict': 'undecided', 'precision_mm': 'best at -35 mm'}} 0.9s
phillipsR ctx C B:treble:1709-1759 (bar 2–2)                     {'treble': {'rows': 19, 'gain': 121.282, 'critical_has': -86.805, 'critical_lacks': 69.457, 'power_has': 1.0, 'power_lacks': 1.0, 'verdict': 'has', 'precision_mm': 12.0}} 0.1s
phillipsR ctx C B:treble:1932-2163 (bar 2–3)                     {'treble': {'rows': 7, 'gain': 0.6, 'critical_has': -0.153, 'critical_lacks': -0.848, 'power_has': 0.87, 'power_lacks': 0.87, 'verdict': 'has', 'precision_mm': '>= 34'}} 0.1s
phillipsR ctx C B:treble:2569-2678 (bar 5–6)                     {'treble': {'rows': 6, 'gain': 8.281, 'critical_has': 1.618, 'critical_lacks': 0.861, 'power_has': 0.82, 'power_lacks': 0.93, 'verdict': 'has', 'precision_mm': 12.1}} 0.1s
phillipsR ctx C B:treble:3926-4074 (bar 3′–3′)                   {'treble': {'rows': 8, 'gain': 0.465, 'critical_has': 1.132, 'critical_lacks': -0.87, 'power_has': 0.22, 'power_lacks': 0.4, 'verdict': 'undecided', 'precision_mm': 'best at -20 mm'}} 0.1s
phillipsR ctx C B:treble:4580-4603 (bar 6′–6′)                   {'treble': {'rows': 1, 'gain': 0.305, 'critical_has': 0.646, 'critical_lacks': -0.625, 'power_has': 0.12, 'power_lacks': 0.02, 'verdict': 'undecided', 'precision_mm': '>= 34'}} 0.1s
phillipsR ctx C B:treble:5535-5979 (bar 9–11)                    {'treble': {'rows': 18, 'gain': 50.557, 'critical_has': -23.765, 'critical_lacks': 37.319, 'power_has': 1.0, 'power_lacks': 1.0, 'verdict': 'has', 'precision_mm': 1.2}} 0.1s
phillipsR ctx C B:treble:6182-6182 (bar 12–12)                   {'treble': {'rows': 3, 'gain': 4.725, 'critical_has': 2.149, 'critical_lacks': -0.932, 'power_has': 0.63, 'power_lacks': 0.8, 'verdict': 'has', 'precision_mm': '>= 35'}} 0.1s
phillipsR ctx C B:treble:6339-6503 (bar 13–14)                   {'treble': {'rows': 18, 'gain': 17.42, 'critical_has': -3.883, 'critical_lacks': 2.515, 'power_has': 1.0, 'power_lacks': 1.0, 'verdict': 'has', 'precision_mm': 15.0}} 0.1s
phillipsR ctx C B:treble:7431-7686 (bar 17–18)                   {'treble': {'rows': 17, 'gain': 192.357, 'critical_has': -153.136, 'critical_lacks': 112.611, 'power_has': 1.0, 'power_lacks': 1.0, 'verdict': 'has', 'precision_mm': 10.2}} 0.1s
phillipsR ctx C B:treble:7952-8020 (bar 19–20)                   {'treble': {'rows': 5, 'gain': 0.065, 'critical_has': 5.605, 'critical_lacks': 0.57, 'power_has': 0.5, 'power_lacks': 0.9, 'verdict': 'lacks', 'precision_mm': '>= 36'}} 0.1s
phillipsR ctx C B:treble:8438-8498 (bar 21–21)                   {'treble': {'rows': 6, 'gain': 2.743, 'critical_has': -0.391, 'critical_lacks': -1.679, 'power_has': 0.88, 'power_lacks': 0.8, 'verdict': 'has', 'precision_mm': '>= 36'}} 0.1s
phillipsR ctx C B:treble:8753-9054 (bar 22–23)                   {'treble': {'rows': 4, 'gain': 0.329, 'critical_has': 0.828, 'critical_lacks': -0.575, 'power_has': 0.23, 'power_lacks': 0.42, 'verdict': 'undecided', 'precision_mm': '>= 36'}} 0.1s
phillipsR ctx C B:treble:9213-9222 (bar 23–23)                   {'treble': {'rows': 1, 'gain': -0.302, 'critical_has': 0.353, 'critical_lacks': -0.377, 'power_has': 0.13, 'power_lacks': 0.07, 'verdict': 'undecided', 'precision_mm': 'best at -36 mm'}} 0.1s
phillipsR ctx C C:bass:1433-1473 (bar upbeat–Auftakt)            {'bass': {'rows': 2, 'gain': 38.183, 'critical_has': -13.163, 'critical_lacks': 36.226, 'power_has': 1.0, 'power_lacks': 1.0, 'verdict': 'has', 'precision_mm': 1.2}} 0.1s
phillipsR ctx C C:bass:1875-2077 (bar 2–3)                       {'bass': {'rows': 7, 'gain': 17.865, 'critical_has': -4.315, 'critical_lacks': 5.759, 'power_has': 0.98, 'power_lacks': 1.0, 'verdict': 'has', 'precision_mm': 2.4}} 0.1s
phillipsR ctx C C:bass:2231-2475 (bar 4–5)                       {'bass': {'rows': 5, 'gain': 44.46, 'critical_has': -8.727, 'critical_lacks': 9.09, 'power_has': 1.0, 'power_lacks': 1.0, 'verdict': 'has', 'precision_mm': 0.0}} 0.1s
phillipsR ctx C C:bass:2659-2671 (bar 6–6)                       {'bass': {'rows': 2, 'gain': 3.537, 'critical_has': 0.255, 'critical_lacks': -2.471, 'power_has': 0.92, 'power_lacks': 0.48, 'verdict': 'has', 'precision_mm': 4.8}} 0.1s
phillipsR ctx C C:bass:2853-3109 (bar 6–8)                       {'bass': {'rows': 8, 'gain': 8.217, 'critical_has': -1.594, 'critical_lacks': 0.459, 'power_has': 0.95, 'power_lacks': 1.0, 'verdict': 'has', 'precision_mm': 2.4}} 0.1s
phillipsR ctx C C:bass:3252-3263 (bar 8–8)                       {'bass': {'rows': 2, 'gain': 2.884, 'critical_has': 1.814, 'critical_lacks': -1.297, 'power_has': 0.67, 'power_lacks': 0.7, 'verdict': 'has', 'precision_mm': 7.3}} 0.1s
phillipsR ctx C C:bass:3863-3938 (bar 2′–3′)                     {'bass': {'rows': 4, 'gain': 9.493, 'critical_has': 1.392, 'critical_lacks': 4.611, 'power_has': 0.97, 'power_lacks': 0.97, 'verdict': 'has', 'precision_mm': 4.9}} 0.1s
phillipsR ctx C C:bass:4281-4286 (bar 4′–4′)                     {'bass': {'rows': 1, 'gain': 33.816, 'critical_has': -8.716, 'critical_lacks': 7.232, 'power_has': 1.0, 'power_lacks': 1.0, 'verdict': 'has', 'precision_mm': 0.0}} 0.1s
phillipsR ctx C C:bass:5036-5175 (bar 7′–8′)                     {'bass': {'rows': 2, 'gain': 4.333, 'critical_has': 3.089, 'critical_lacks': -3.049, 'power_has': 0.47, 'power_lacks': 0.33, 'verdict': 'has', 'precision_mm': 9.9}} 0.1s
phillipsR ctx C C:bass:6475-7227 (bar 14–16)                     {'bass': {'rows': 14, 'gain': 82.523, 'critical_has': -47.874, 'critical_lacks': 50.528, 'power_has': 1.0, 'power_lacks': 1.0, 'verdict': 'has', 'precision_mm': 0.0}} 0.1s
phillipsR ctx C C:bass:7672-7880 (bar 18–19)                     {'bass': {'rows': 7, 'gain': 10.287, 'critical_has': 0.034, 'critical_lacks': 0.194, 'power_has': 0.95, 'power_lacks': 0.95, 'verdict': 'has', 'precision_mm': 2.5}} 0.1s
phillipsR ctx C C:bass:8210-8216 (bar 20–20)                     {'bass': {'rows': 2, 'gain': 13.385, 'critical_has': -24.046, 'critical_lacks': 23.663, 'power_has': 1.0, 'power_lacks': 1.0, 'verdict': 'undecided', 'precision_mm': 0.0}} 0.1s
phillipsR ctx C C:bass:8867-9156 (bar 22–23)                     {'bass': {'rows': 11, 'gain': 11.004, 'critical_has': 0.225, 'critical_lacks': -8.343, 'power_has': 0.9, 'power_lacks': 0.25, 'verdict': 'has', 'precision_mm': 2.6}} 0.1s
phillipsR ctx C C:treble:1691-8037 (bar 2–20)                    {'treble': {'rows': 0, 'gain': 0.0, 'design': "group changes no row of this file's model", 'verdict': 'no rows', 'precision_mm': None}} 0.0s
phillipsR ctx C C:treble:2776-2892 (bar 6–7)                     {'treble': {'rows': 1, 'gain': 0.294, 'critical_has': 0.33, 'critical_lacks': -0.419, 'power_has': 0.2, 'power_lacks': 0.18, 'verdict': 'undecided', 'precision_mm': '>= 34'}} 0.1s
phillipsR ctx C C:treble:3062-3076 (bar 7–7)                     {'treble': {'rows': 1, 'gain': -0.345, 'critical_has': 0.618, 'critical_lacks': -0.669, 'power_has': 0.1, 'power_lacks': 0.17, 'verdict': 'undecided', 'precision_mm': '>= 34'}} 0.1s
phillipsR ctx C C:treble:3252-3270 (bar 8–8)                     {'treble': {'rows': 3, 'gain': -0.3, 'critical_has': 0.987, 'critical_lacks': -1.092, 'power_has': 0.18, 'power_lacks': 0.23, 'verdict': 'undecided', 'precision_mm': '>= 34'}} 0.1s
phillipsR ctx C C:treble:3865-3888 (bar 2′–3′)                   {'treble': {'rows': 1, 'gain': 0.505, 'critical_has': 1.29, 'critical_lacks': -0.912, 'power_has': 0.12, 'power_lacks': 0.3, 'verdict': 'undecided', 'precision_mm': '>= 34'}} 0.1s
phillipsR ctx C C:treble:4816-5253 (bar 6′–8′)                   {'treble': {'rows': 7, 'gain': 1.507, 'critical_has': 1.12, 'critical_lacks': -0.583, 'power_has': 0.53, 'power_lacks': 0.72, 'verdict': 'has', 'precision_mm': 17.2}} 0.1s
phillipsR ctx C C:treble:5605-5605 (bar 10–10)                   {'treble': {'rows': 15, 'gain': -0.251, 'critical_has': 0.385, 'critical_lacks': -2.687, 'power_has': 0.78, 'power_lacks': 0.48, 'verdict': 'undecided', 'precision_mm': '>= 35'}} 0.1s
phillipsR ctx C C:treble:6608-7072 (bar 14–16)                   {'treble': {'rows': 13, 'gain': 0.142, 'critical_has': 1.002, 'critical_lacks': -1.277, 'power_has': 0.57, 'power_lacks': 0.42, 'verdict': 'undecided', 'precision_mm': 15.1}} 0.1s
phillipsR ctx C C:treble:7739-7843 (bar 18–19)                   {'treble': {'rows': 3, 'gain': -0.287, 'critical_has': 0.986, 'critical_lacks': -1.232, 'power_has': 0.18, 'power_lacks': 0.08, 'verdict': 'undecided', 'precision_mm': 'best at -20 mm'}} 0.1s
phillipsR ctx C C:treble:8534-8605 (bar 22–22)                   {'treble': {'rows': 2, 'gain': 0.613, 'critical_has': 0.665, 'critical_lacks': -0.546, 'power_has': 0.17, 'power_lacks': 0.17, 'verdict': 'undecided', 'precision_mm': 20.7}} 0.1s
phillipsR ctx C C:treble:8953-8968 (bar 23–23)                   {'treble': {'rows': 1, 'gain': -0.496, 'critical_has': 0.911, 'critical_lacks': -0.776, 'power_has': 0.12, 'power_lacks': 0.1, 'verdict': 'undecided', 'precision_mm': 'best at +36 mm'}} 0.1s
phillipsR ctx C C:treble:9151-9163 (bar 23–23)                   {'treble': {'rows': 1, 'gain': -0.093, 'critical_has': 0.652, 'critical_lacks': -0.526, 'power_has': 0.13, 'power_lacks': 0.08, 'verdict': 'undecided', 'precision_mm': 'best at -36 mm'}} 0.1s
phillipsR ctx C B1:bass:1419-1438 (bar upbeat–upbeat)            {'bass': {'rows': 2, 'gain': -10.686, 'critical_has': -3.115, 'critical_lacks': -0.159, 'power_has': 0.97, 'power_lacks': 1.0, 'verdict': 'lacks', 'precision_mm': 'best at -33 mm'}} 0.1s
phillipsR ctx C B1:bass:7365-7365 (bar 17–17)                    {'bass': {'rows': 0, 'gain': 0.0, 'design': "group changes no row of this file's model", 'verdict': 'no rows', 'precision_mm': 'best at -35 mm'}} 0.1s
phillipsR ctx C A1:bass:1737-1753 (bar 2–2)                      {'bass': {'rows': 2, 'gain': -2.652, 'critical_has': -0.381, 'critical_lacks': 0.872, 'power_has': 0.98, 'power_lacks': 0.95, 'verdict': 'lacks', 'precision_mm': '>= 34'}} 0.1s
phillipsR ctx C A1:bass:2149-2275 (bar 3–4)                      {'bass': {'rows': 4, 'gain': -5.668, 'critical_has': -1.783, 'critical_lacks': -4.941, 'power_has': 0.93, 'power_lacks': 0.28, 'verdict': 'lacks', 'precision_mm': 1.2}} 0.1s
phillipsR ctx C A1:bass:3796-3796 (bar 2′–2′)                    {'bass': {'rows': 2, 'gain': -0.994, 'critical_has': -0.198, 'critical_lacks': -0.323, 'power_has': 0.93, 'power_lacks': 0.93, 'verdict': 'lacks', 'precision_mm': 11.0}} 0.1s
phillipsR ctx C A1:bass:4056-4067 (bar 3′–3′)                    {'bass': {'rows': 9, 'gain': -12.492, 'critical_has': -27.913, 'critical_lacks': 31.704, 'power_has': 1.0, 'power_lacks': 1.0, 'verdict': 'undecided', 'precision_mm': 2.4}} 0.1s
phillipsR ctx C A1:bass:5363-5583 (bar 8′–9)                     {'bass': {'rows': 8, 'gain': -107.364, 'critical_has': -49.198, 'critical_lacks': 71.993, 'power_has': 1.0, 'power_lacks': 1.0, 'verdict': 'lacks', 'precision_mm': 0.0}} 0.1s
phillipsR ctx C A1:bass:7924-8040 (bar 19–20)                    {'bass': {'rows': 14, 'gain': -91.329, 'critical_has': -65.145, 'critical_lacks': 71.67, 'power_has': 1.0, 'power_lacks': 1.0, 'verdict': 'lacks', 'precision_mm': 0.0}} 0.1s
phillipsR ctx C A1:bass:8543-8628 (bar 22–22)                    {'bass': {'rows': 3, 'gain': -5.863, 'critical_has': -0.157, 'critical_lacks': -3.246, 'power_has': 0.88, 'power_lacks': 0.5, 'verdict': 'lacks', 'precision_mm': '>= 36'}} 0.1s
phillipsR ctx C A1:soft:5507-5667 (bar 9–10)                     {'bass': {'rows': 2, 'gain': -0.785, 'critical_has': 4.679, 'critical_lacks': -0.654, 'power_has': 0.0, 'power_lacks': 0.1, 'verdict': 'lacks', 'precision_mm': 'best at +35 mm'}, 'treble': {'rows': 5, 'gain': -0.711, 'critical_has': 0.481, 'critical_lacks': -1.363, 'power_has': 0.35, 'power_lacks': 0.1, 'verdict': 'undecided', 'precision_mm': 'best at +20 mm'}} 0.9s
phillipsR ctx C A1:soft:6250-6250 (bar 13–13)                    {'bass': {'rows': 2, 'gain': 1.183, 'critical_has': 0.619, 'critical_lacks': -0.563, 'power_has': 0.12, 'power_lacks': 0.13, 'verdict': 'has', 'precision_mm': 'best at -35 mm'}, 'treble': {'rows': 1, 'gain': 0.0, 'critical_has': 0.0, 'critical_lacks': -1.702, 'power_has': 0.18, 'power_lacks': 0.07, 'verdict': 'undecided', 'precision_mm': '>= 35'}} 0.9s
phillipsR ctx C A1:treble:1964-2112 (bar 3–3)                    {'treble': {'rows': 7, 'gain': -4.374, 'critical_has': 1.505, 'critical_lacks': -0.981, 'power_has': 0.65, 'power_lacks': 0.82, 'verdict': 'lacks', 'precision_mm': 'best at +34 mm'}} 0.1s
phillipsR ctx C A1:treble:2636-2685 (bar 6–6)                    {'treble': {'rows': 7, 'gain': -9.331, 'critical_has': -7.918, 'critical_lacks': 4.333, 'power_has': 1.0, 'power_lacks': 1.0, 'verdict': 'lacks', 'precision_mm': 'best at +19 mm'}} 0.1s
phillipsR ctx C A1:treble:2864-2873 (bar 7–7)                    {'treble': {'rows': 10, 'gain': -15.329, 'critical_has': -3.949, 'critical_lacks': 4.883, 'power_has': 1.0, 'power_lacks': 1.0, 'verdict': 'lacks', 'precision_mm': 'best at -34 mm'}} 0.1s
phillipsR ctx C A1:treble:4561-4645 (bar 6′–6′)                  {'treble': {'rows': 4, 'gain': -0.762, 'critical_has': 1.934, 'critical_lacks': -1.46, 'power_has': 0.28, 'power_lacks': 0.35, 'verdict': 'undecided', 'precision_mm': 11.0}} 0.1s
phillipsR ctx C A1:treble:5547-5589 (bar 9–10)                   {'treble': {'rows': 15, 'gain': -3.676, 'critical_has': 1.577, 'critical_lacks': -3.3, 'power_has': 0.47, 'power_lacks': 0.23, 'verdict': 'lacks', 'precision_mm': 'best at -20 mm'}} 0.1s
phillipsR ctx C A1:treble:5868-5892 (bar 11–11)                  {'treble': {'rows': 0, 'gain': 0.0, 'design': "group changes no row of this file's model", 'verdict': 'no rows', 'precision_mm': '>= 35'}} 0.1s
phillipsR ctx C A1:treble:6216-6458 (bar 12–13)                  {'treble': {'rows': 0, 'gain': 0.0, 'design': "group changes no row of this file's model", 'verdict': 'no rows', 'precision_mm': 'best at -20 mm'}} 0.1s
phillipsR ctx C A1:treble:7524-7568 (bar 18–18)                  {'treble': {'rows': 0, 'gain': 0.0, 'design': "group changes no row of this file's model", 'verdict': 'no rows', 'precision_mm': '>= 36'}} 0.1s
phillipsR ctx C A1:treble:7993-7993 (bar 19–19)                  {'treble': {'rows': 0, 'gain': 0.0, 'design': "group changes no row of this file's model", 'verdict': 'no rows', 'precision_mm': 'best at -36 mm'}} 0.1s
phillipsR ctx C A1:treble:8449-8550 (bar 21–22)                  {'treble': {'rows': 3, 'gain': -7.925, 'critical_has': -0.906, 'critical_lacks': 1.776, 'power_has': 0.98, 'power_lacks': 0.98, 'verdict': 'lacks', 'precision_mm': 'best at -21 mm'}} 0.1s
phillipsR ctx C A1:treble:9085-9085 (bar 23–23)                  {'treble': {'rows': 1, 'gain': -0.505, 'critical_has': 1.102, 'critical_lacks': -1.094, 'power_has': 0.07, 'power_lacks': 0.13, 'verdict': 'undecided', 'precision_mm': 'best at -36 mm'}} 0.1s
phillipsR ctx C A1:treble:10060-10060 (bar 24–24)                {'treble': {'rows': 0, 'gain': 0.0, 'design': "group changes no row of this file's model", 'verdict': 'no rows', 'precision_mm': None}} 0.1s
phillipsR ctx C D1:bass:1145-1243 (bar upbeat–upbeat)            {'bass': {'rows': 0, 'gain': 0.0, 'design': "group changes no row of this file's model", 'verdict': 'no rows', 'precision_mm': None}} 0.1s
phillipsR ctx C D1:soft:6338-6338 (bar 13–13)                    {'bass': {'rows': 0, 'gain': 0.0, 'design': "group changes no row of this file's model", 'verdict': 'no rows', 'precision_mm': None}, 'treble': {'rows': 0, 'gain': 0.0, 'design': "group changes no row of this file's model", 'verdict': 'no rows', 'precision_mm': None}} 0.0s
gourlin   ctx B B:bass:1483-1609 (bar 1–1)                       {'bass': {'rows': 0, 'gain': 0.0, 'design': "group changes no row of this file's model", 'verdict': 'no rows', 'precision_mm': 'best at -31 mm'}} 0.1s
gourlin   ctx B B:bass:2136-2568 (bar 3–5)                       {'bass': {'rows': 6, 'gain': 6.116, 'critical_has': 0.069, 'critical_lacks': 1.471, 'power_has': 0.98, 'power_lacks': 0.98, 'verdict': 'has', 'precision_mm': 'best at -18 mm'}} 0.1s
gourlin   ctx B B:bass:3361-3547 (bar 8–1′)                      {'bass': {'rows': 4, 'gain': 10.025, 'critical_has': 2.431, 'critical_lacks': -1.741, 'power_has': 0.85, 'power_lacks': 0.87, 'verdict': 'has', 'precision_mm': 5.2}} 0.1s
gourlin   ctx B B:bass:3806-3806 (bar 2′–2′)                     {'bass': {'rows': 1, 'gain': 1.809, 'critical_has': 0.256, 'critical_lacks': -1.929, 'power_has': 0.83, 'power_lacks': 0.18, 'verdict': 'has', 'precision_mm': 15.3}} 0.1s
gourlin   ctx B B:bass:4047-4483 (bar 3′–5′)                     {'bass': {'rows': 9, 'gain': 32.421, 'critical_has': -8.707, 'critical_lacks': 7.873, 'power_has': 1.0, 'power_lacks': 0.98, 'verdict': 'has', 'precision_mm': 3.3}} 0.1s
gourlin   ctx B B:bass:4814-4909 (bar 6′–7′)                     {'bass': {'rows': 4, 'gain': 2.828, 'critical_has': 0.398, 'critical_lacks': -5.121, 'power_has': 0.82, 'power_lacks': 0.22, 'verdict': 'has', 'precision_mm': 8.7}} 0.1s
gourlin   ctx B B:bass:5341-5878 (bar 8′–11)                     {'bass': {'rows': 14, 'gain': 104.353, 'critical_has': -73.616, 'critical_lacks': 90.795, 'power_has': 1.0, 'power_lacks': 1.0, 'verdict': 'has', 'precision_mm': 1.1}} 0.1s
gourlin   ctx B B:bass:6079-6234 (bar 12–13)                     {'bass': {'rows': 5, 'gain': 26.606, 'critical_has': -4.192, 'critical_lacks': 13.827, 'power_has': 1.0, 'power_lacks': 1.0, 'verdict': 'has', 'precision_mm': 1.1}} 0.1s
gourlin   ctx B B:bass:7256-7396 (bar 16–17)                     {'bass': {'rows': 0, 'gain': 0.0, 'design': "group changes no row of this file's model", 'verdict': 'no rows', 'precision_mm': 'best at -17 mm'}} 0.1s
gourlin   ctx B B:bass:7939-8425 (bar 19–21)                     {'bass': {'rows': 10, 'gain': -22.106, 'critical_has': -3.928, 'critical_lacks': 2.836, 'power_has': 0.97, 'power_lacks': 1.0, 'verdict': 'lacks', 'precision_mm': 4.3}} 0.1s
gourlin   ctx B B:bass:8553-8568 (bar 22–22)                     {'bass': {'rows': 3, 'gain': 3.201, 'critical_has': 0.764, 'critical_lacks': -0.839, 'power_has': 0.78, 'power_lacks': 0.8, 'verdict': 'has', 'precision_mm': 6.4}} 0.1s
gourlin   ctx B B:bass:9198-9210 (bar 23–23)                     {'bass': {'rows': 2, 'gain': 0.222, 'critical_has': 0.902, 'critical_lacks': -0.146, 'power_has': 0.23, 'power_lacks': 0.78, 'verdict': 'undecided', 'precision_mm': '>= 30'}} 0.1s
gourlin   ctx B B:bass:9420-9673 (bar 24–24)                     {'bass': {'rows': 6, 'gain': 2.743, 'critical_has': 0.436, 'critical_lacks': -3.086, 'power_has': 0.87, 'power_lacks': 0.83, 'verdict': 'has', 'precision_mm': 6.4}} 0.1s
gourlin   ctx B B:soft:5316-5316 (bar 8′–8′)                     {'bass': {'rows': 13, 'gain': -1.629, 'critical_has': 1.334, 'critical_lacks': -3.052, 'power_has': 0.02, 'power_lacks': 0.1, 'verdict': 'undecided', 'precision_mm': 'best at -30 mm'}, 'treble': {'rows': 12, 'gain': 2.369, 'critical_has': 0.53, 'critical_lacks': 0.0, 'power_has': 0.88, 'power_lacks': 0.63, 'verdict': 'has', 'precision_mm': 'best at -30 mm'}} 0.9s
gourlin   ctx B B:soft:5771-5771 (bar 10–10)                     {'bass': {'rows': 20, 'gain': 0.0, 'critical_has': 0.78, 'critical_lacks': 0.0, 'power_has': 0.1, 'power_lacks': 0.0, 'verdict': 'undecided', 'precision_mm': 'best at -30 mm'}, 'treble': {'rows': 8, 'gain': 0.208, 'critical_has': 0.0, 'critical_lacks': -3.395, 'power_has': 0.58, 'power_lacks': 0.28, 'verdict': 'has', 'precision_mm': 'best at -30 mm'}} 0.9s
gourlin   ctx B B:treble:1709-1759 (bar 2–2)                     {'treble': {'rows': 7, 'gain': 1.251, 'critical_has': 1.541, 'critical_lacks': -2.394, 'power_has': 0.85, 'power_lacks': 0.72, 'verdict': 'undecided', 'precision_mm': 10.1}} 0.1s
gourlin   ctx B B:treble:1932-2163 (bar 2–3)                     {'treble': {'rows': 12, 'gain': 3.895, 'critical_has': 2.002, 'critical_lacks': -1.333, 'power_has': 0.25, 'power_lacks': 0.58, 'verdict': 'has', 'precision_mm': 'best at -30 mm'}} 0.1s
gourlin   ctx B B:treble:2569-2678 (bar 5–6)                     {'treble': {'rows': 8, 'gain': 13.993, 'critical_has': -2.244, 'critical_lacks': 2.255, 'power_has': 1.0, 'power_lacks': 1.0, 'verdict': 'has', 'precision_mm': 13.2}} 0.1s
gourlin   ctx B B:treble:3926-4074 (bar 3′–3′)                   {'treble': {'rows': 8, 'gain': 0.154, 'critical_has': 1.392, 'critical_lacks': -1.075, 'power_has': 0.17, 'power_lacks': 0.27, 'verdict': 'undecided', 'precision_mm': 'best at -31 mm'}} 0.1s
gourlin   ctx B B:treble:4580-4603 (bar 6′–6′)                   {'treble': {'rows': 1, 'gain': -0.112, 'critical_has': 0.703, 'critical_lacks': -0.245, 'power_has': 0.0, 'power_lacks': 0.07, 'verdict': 'undecided', 'precision_mm': '>= 31'}} 0.1s
gourlin   ctx B B:treble:5535-5979 (bar 9–11)                    {'treble': {'rows': 11, 'gain': 0.052, 'critical_has': 1.906, 'critical_lacks': -0.772, 'power_has': 0.57, 'power_lacks': 0.7, 'verdict': 'undecided', 'precision_mm': 10.8}} 0.1s
gourlin   ctx B B:treble:6182-6182 (bar 12–12)                   {'treble': {'rows': 3, 'gain': 1.439, 'critical_has': 3.71, 'critical_lacks': -0.656, 'power_has': 0.17, 'power_lacks': 0.7, 'verdict': 'undecided', 'precision_mm': '>= 30'}} 0.1s
gourlin   ctx B B:treble:6339-6503 (bar 13–14)                   {'treble': {'rows': 12, 'gain': 5.972, 'critical_has': 4.266, 'critical_lacks': -1.175, 'power_has': 0.55, 'power_lacks': 0.78, 'verdict': 'has', 'precision_mm': '>= 30'}} 0.1s
gourlin   ctx B B:treble:7431-7686 (bar 17–18)                   {'treble': {'rows': 21, 'gain': 43.812, 'critical_has': -15.603, 'critical_lacks': 9.167, 'power_has': 1.0, 'power_lacks': 1.0, 'verdict': 'has', 'precision_mm': 'best at +17 mm'}} 0.1s
gourlin   ctx B B:treble:7952-8020 (bar 19–20)                   {'treble': {'rows': 7, 'gain': 0.315, 'critical_has': -0.428, 'critical_lacks': -0.914, 'power_has': 0.93, 'power_lacks': 0.92, 'verdict': 'has', 'precision_mm': 'best at +30 mm'}} 0.1s
gourlin   ctx B B:treble:8438-8498 (bar 21–21)                   {'treble': {'rows': 7, 'gain': 35.455, 'critical_has': -10.247, 'critical_lacks': 4.057, 'power_has': 1.0, 'power_lacks': 1.0, 'verdict': 'has', 'precision_mm': 'best at -17 mm'}} 0.1s
gourlin   ctx B B:treble:8753-9054 (bar 22–23)                   {'treble': {'rows': 4, 'gain': -0.263, 'critical_has': 1.098, 'critical_lacks': -0.585, 'power_has': 0.15, 'power_lacks': 0.43, 'verdict': 'undecided', 'precision_mm': 'best at +30 mm'}} 0.1s
gourlin   ctx B B:treble:9213-9222 (bar 23–23)                   {'treble': {'rows': 1, 'gain': -0.194, 'critical_has': 0.379, 'critical_lacks': -0.404, 'power_has': 0.08, 'power_lacks': 0.02, 'verdict': 'undecided', 'precision_mm': 'best at -30 mm'}} 0.1s
gourlin   ctx B C:bass:1433-1473 (bar upbeat–Auftakt)            {'bass': {'rows': 2, 'gain': 1.21, 'critical_has': 1.582, 'critical_lacks': -0.413, 'power_has': 0.37, 'power_lacks': 0.88, 'verdict': 'undecided', 'precision_mm': 'best at -30 mm'}} 0.1s
gourlin   ctx B C:bass:1875-2077 (bar 2–3)                       {'bass': {'rows': 7, 'gain': -6.854, 'critical_has': 4.214, 'critical_lacks': -2.757, 'power_has': 0.65, 'power_lacks': 0.75, 'verdict': 'lacks', 'precision_mm': 'best at +17 mm'}} 0.1s
gourlin   ctx B C:bass:2231-2475 (bar 4–5)                       {'bass': {'rows': 4, 'gain': 0.217, 'critical_has': 1.452, 'critical_lacks': -1.385, 'power_has': 0.23, 'power_lacks': 0.5, 'verdict': 'undecided', 'precision_mm': 0.0}} 0.1s
gourlin   ctx B C:bass:2659-2671 (bar 6–6)                       {'bass': {'rows': 2, 'gain': -1.028, 'critical_has': 0.609, 'critical_lacks': -0.843, 'power_has': 0.5, 'power_lacks': 0.7, 'verdict': 'lacks', 'precision_mm': 'best at -31 mm'}} 0.1s
gourlin   ctx B C:bass:2853-3109 (bar 6–8)                       {'bass': {'rows': 8, 'gain': -3.108, 'critical_has': 2.974, 'critical_lacks': -0.841, 'power_has': 0.37, 'power_lacks': 0.62, 'verdict': 'lacks', 'precision_mm': '>= 30'}} 0.1s
gourlin   ctx B C:bass:3252-3263 (bar 8–8)                       {'bass': {'rows': 2, 'gain': -0.849, 'critical_has': 1.185, 'critical_lacks': -0.036, 'power_has': 0.18, 'power_lacks': 0.83, 'verdict': 'lacks', 'precision_mm': 'best at +17 mm'}} 0.1s
gourlin   ctx B C:bass:3863-3938 (bar 2′–3′)                     {'bass': {'rows': 4, 'gain': -3.643, 'critical_has': 3.288, 'critical_lacks': -0.58, 'power_has': 0.37, 'power_lacks': 0.85, 'verdict': 'lacks', 'precision_mm': 'best at +17 mm'}} 0.1s
gourlin   ctx B C:bass:4281-4286 (bar 4′–4′)                     {'bass': {'rows': 0, 'gain': 0.0, 'design': "group changes no row of this file's model", 'verdict': 'no rows', 'precision_mm': 1.1}} 0.1s
gourlin   ctx B C:bass:5036-5175 (bar 7′–8′)                     {'bass': {'rows': 3, 'gain': -1.905, 'critical_has': 1.887, 'critical_lacks': -1.004, 'power_has': 0.3, 'power_lacks': 0.62, 'verdict': 'lacks', 'precision_mm': 'best at -30 mm'}} 0.1s
gourlin   ctx B C:bass:6475-7227 (bar 14–16)                     {'bass': {'rows': 14, 'gain': -44.688, 'critical_has': -12.533, 'critical_lacks': 13.498, 'power_has': 1.0, 'power_lacks': 1.0, 'verdict': 'lacks', 'precision_mm': 'best at -30 mm'}} 0.1s
gourlin   ctx B C:bass:7672-7880 (bar 18–19)                     {'bass': {'rows': 7, 'gain': -3.414, 'critical_has': 0.679, 'critical_lacks': -2.074, 'power_has': 0.73, 'power_lacks': 0.7, 'verdict': 'lacks', 'precision_mm': 'best at -17 mm'}} 0.1s
gourlin   ctx B C:bass:8210-8216 (bar 20–20)                     {'bass': {'rows': 1, 'gain': -9.453, 'critical_has': 0.208, 'critical_lacks': 2.788, 'power_has': 0.98, 'power_lacks': 0.95, 'verdict': 'lacks', 'precision_mm': 'best at -17 mm'}} 0.1s
gourlin   ctx B C:bass:8867-9156 (bar 22–23)                     {'bass': {'rows': 10, 'gain': -5.454, 'critical_has': 4.311, 'critical_lacks': -7.831, 'power_has': 0.33, 'power_lacks': 0.05, 'verdict': 'undecided', 'precision_mm': 'best at -30 mm'}} 0.1s
gourlin   ctx B C:treble:1691-8037 (bar 2–20)                    {'treble': {'rows': 0, 'gain': 0.0, 'design': "group changes no row of this file's model", 'verdict': 'no rows', 'precision_mm': None}} 0.0s
gourlin   ctx B C:treble:2776-2892 (bar 6–7)                     {'treble': {'rows': 1, 'gain': 0.12, 'critical_has': 0.487, 'critical_lacks': -0.168, 'power_has': 0.02, 'power_lacks': 0.25, 'verdict': 'undecided', 'precision_mm': '>= 30'}} 0.1s
gourlin   ctx B C:treble:3062-3076 (bar 7–7)                     {'treble': {'rows': 2, 'gain': -0.23, 'critical_has': 0.73, 'critical_lacks': -0.502, 'power_has': 0.15, 'power_lacks': 0.2, 'verdict': 'undecided', 'precision_mm': '>= 30'}} 0.1s
gourlin   ctx B C:treble:3252-3270 (bar 8–8)                     {'treble': {'rows': 2, 'gain': -0.465, 'critical_has': 0.512, 'critical_lacks': -0.347, 'power_has': 0.25, 'power_lacks': 0.33, 'verdict': 'lacks', 'precision_mm': 'best at +17 mm'}} 0.1s
gourlin   ctx B C:treble:3865-3888 (bar 2′–3′)                   {'treble': {'rows': 1, 'gain': -0.523, 'critical_has': 1.076, 'critical_lacks': -0.76, 'power_has': 0.07, 'power_lacks': 0.03, 'verdict': 'undecided', 'precision_mm': 'best at +18 mm'}} 0.1s
gourlin   ctx B C:treble:4816-5253 (bar 6′–8′)                   {'treble': {'rows': 8, 'gain': -1.383, 'critical_has': 1.754, 'critical_lacks': -1.106, 'power_has': 0.08, 'power_lacks': 0.37, 'verdict': 'lacks', 'precision_mm': 'best at +30 mm'}} 0.1s
gourlin   ctx B C:treble:5605-5605 (bar 10–10)                   {'treble': {'rows': 6, 'gain': -1.982, 'critical_has': 1.856, 'critical_lacks': -1.291, 'power_has': 0.23, 'power_lacks': 0.58, 'verdict': 'lacks', 'precision_mm': 'best at -31 mm'}} 0.1s
gourlin   ctx B C:treble:6608-7072 (bar 14–16)                   {'treble': {'rows': 12, 'gain': -0.465, 'critical_has': 0.974, 'critical_lacks': -1.463, 'power_has': 0.25, 'power_lacks': 0.2, 'verdict': 'undecided', 'precision_mm': '>= 30'}} 0.1s
gourlin   ctx B C:treble:7739-7843 (bar 18–19)                   {'treble': {'rows': 4, 'gain': -0.886, 'critical_has': 1.467, 'critical_lacks': -0.714, 'power_has': 0.12, 'power_lacks': 0.3, 'verdict': 'lacks', 'precision_mm': 'best at +30 mm'}} 0.1s
gourlin   ctx B C:treble:8534-8605 (bar 22–22)                   {'treble': {'rows': 2, 'gain': -0.437, 'critical_has': 0.603, 'critical_lacks': -0.524, 'power_has': 0.08, 'power_lacks': 0.03, 'verdict': 'undecided', 'precision_mm': 16.9}} 0.1s
gourlin   ctx B C:treble:8953-8968 (bar 23–23)                   {'treble': {'rows': 1, 'gain': -0.044, 'critical_has': 0.639, 'critical_lacks': -0.674, 'power_has': 0.08, 'power_lacks': 0.02, 'verdict': 'undecided', 'precision_mm': 'best at +29 mm'}} 0.1s
gourlin   ctx B C:treble:9151-9163 (bar 23–23)                   {'treble': {'rows': 1, 'gain': -0.32, 'critical_has': 0.48, 'critical_lacks': -0.422, 'power_has': 0.15, 'power_lacks': 0.13, 'verdict': 'undecided', 'precision_mm': 'best at -28 mm'}} 0.1s
gourlin   ctx B B1:bass:1419-1438 (bar upbeat–upbeat)            {'bass': {'rows': 1, 'gain': 1.858, 'critical_has': 0.409, 'critical_lacks': 0.439, 'power_has': 0.95, 'power_lacks': 0.95, 'verdict': 'has', 'precision_mm': '>= 31'}} 0.1s
gourlin   ctx B B1:bass:7365-7365 (bar 17–17)                    {'bass': {'rows': 0, 'gain': 0.0, 'design': "group changes no row of this file's model", 'verdict': 'no rows', 'precision_mm': None}} 0.1s
gourlin   ctx B A1:bass:1737-1753 (bar 2–2)                      {'bass': {'rows': 2, 'gain': -1.169, 'critical_has': 0.684, 'critical_lacks': -1.087, 'power_has': 0.57, 'power_lacks': 0.73, 'verdict': 'lacks', 'precision_mm': 'best at -32 mm'}} 0.1s
gourlin   ctx B A1:bass:2149-2275 (bar 3–4)                      {'bass': {'rows': 3, 'gain': -1.819, 'critical_has': 1.094, 'critical_lacks': 0.131, 'power_has': 0.92, 'power_lacks': 0.9, 'verdict': 'lacks', 'precision_mm': 3.7}} 0.1s
gourlin   ctx B A1:bass:3796-3796 (bar 2′–2′)                    {'bass': {'rows': 2, 'gain': -0.378, 'critical_has': 0.819, 'critical_lacks': -2.79, 'power_has': 0.28, 'power_lacks': 0.03, 'verdict': 'undecided', 'precision_mm': '>= 30'}} 0.1s
gourlin   ctx B A1:bass:4056-4067 (bar 3′–3′)                    {'bass': {'rows': 3, 'gain': -17.92, 'critical_has': -0.73, 'critical_lacks': 4.338, 'power_has': 0.95, 'power_lacks': 1.0, 'verdict': 'lacks', 'precision_mm': 'best at +18 mm'}} 0.1s
gourlin   ctx B A1:bass:5363-5583 (bar 8′–9)                     {'bass': {'rows': 6, 'gain': -8.84, 'critical_has': -4.215, 'critical_lacks': 3.9, 'power_has': 1.0, 'power_lacks': 1.0, 'verdict': 'lacks', 'precision_mm': 0.0}} 0.1s
gourlin   ctx B A1:bass:7924-8040 (bar 19–20)                    {'bass': {'rows': 12, 'gain': -62.774, 'critical_has': -13.545, 'critical_lacks': 4.873, 'power_has': 1.0, 'power_lacks': 1.0, 'verdict': 'lacks', 'precision_mm': 'best at +30 mm'}} 0.1s
gourlin   ctx B A1:bass:8543-8628 (bar 22–22)                    {'bass': {'rows': 3, 'gain': -0.171, 'critical_has': 0.544, 'critical_lacks': 0.368, 'power_has': 0.9, 'power_lacks': 0.92, 'verdict': 'lacks', 'precision_mm': '>= 29'}} 0.1s
gourlin   ctx B A1:soft:5507-5667 (bar 9–10)                     {'bass': {'rows': 2, 'gain': 0.0, 'critical_has': 0.444, 'critical_lacks': -0.333, 'power_has': 0.05, 'power_lacks': 0.05, 'verdict': 'undecided', 'precision_mm': 'best at +18 mm'}, 'treble': {'rows': 4, 'gain': 0.0, 'critical_has': 0.034, 'critical_lacks': -2.265, 'power_has': 0.62, 'power_lacks': 0.37, 'verdict': 'undecided', 'precision_mm': '>= 31'}} 0.9s
gourlin   ctx B A1:soft:6250-6250 (bar 13–13)                    {'bass': {'rows': 2, 'gain': 0.0, 'critical_has': 0.225, 'critical_lacks': -1.186, 'power_has': 0.07, 'power_lacks': 0.0, 'verdict': 'undecided', 'precision_mm': 'best at -17 mm'}, 'treble': {'rows': 1, 'gain': 0.217, 'critical_has': 0.219, 'critical_lacks': -1.686, 'power_has': 0.18, 'power_lacks': 0.2, 'verdict': 'undecided', 'precision_mm': '>= 30'}} 0.9s
gourlin   ctx B A1:treble:1964-2112 (bar 3–3)                    {'treble': {'rows': 6, 'gain': 5.891, 'critical_has': 3.309, 'critical_lacks': -1.663, 'power_has': 0.23, 'power_lacks': 0.37, 'verdict': 'has', 'precision_mm': 0.0}} 0.1s
gourlin   ctx B A1:treble:2636-2685 (bar 6–6)                    {'treble': {'rows': 3, 'gain': -0.911, 'critical_has': 1.052, 'critical_lacks': -0.812, 'power_has': 0.32, 'power_lacks': 0.55, 'verdict': 'lacks', 'precision_mm': 11.1}} 0.1s
gourlin   ctx B A1:treble:2864-2873 (bar 7–7)                    {'treble': {'rows': 3, 'gain': 0.488, 'critical_has': 0.525, 'critical_lacks': -0.984, 'power_has': 0.32, 'power_lacks': 0.07, 'verdict': 'undecided', 'precision_mm': '>= 30'}} 0.1s
gourlin   ctx B A1:treble:4561-4645 (bar 6′–6′)                  {'treble': {'rows': 4, 'gain': -1.142, 'critical_has': 2.147, 'critical_lacks': -0.972, 'power_has': 0.05, 'power_lacks': 0.5, 'verdict': 'lacks', 'precision_mm': 'best at -31 mm'}} 0.1s
gourlin   ctx B A1:treble:5547-5589 (bar 9–10)                   {'treble': {'rows': 13, 'gain': -12.327, 'critical_has': 2.453, 'critical_lacks': 1.694, 'power_has': 0.82, 'power_lacks': 0.92, 'verdict': 'lacks', 'precision_mm': 'best at -17 mm'}} 0.1s
gourlin   ctx B A1:treble:5868-5892 (bar 11–11)                  {'treble': {'rows': 0, 'gain': 0.0, 'design': "group changes no row of this file's model", 'verdict': 'no rows', 'precision_mm': '>= 31'}} 0.1s
gourlin   ctx B A1:treble:6216-6458 (bar 12–13)                  {'treble': {'rows': 0, 'gain': 0.0, 'design': "group changes no row of this file's model", 'verdict': 'no rows', 'precision_mm': 'best at -30 mm'}} 0.1s
gourlin   ctx B A1:treble:7524-7568 (bar 18–18)                  {'treble': {'rows': 0, 'gain': 0.0, 'design': "group changes no row of this file's model", 'verdict': 'no rows', 'precision_mm': '>= 29'}} 0.1s
gourlin   ctx B A1:treble:7993-7993 (bar 19–19)                  {'treble': {'rows': 0, 'gain': 0.0, 'design': "group changes no row of this file's model", 'verdict': 'no rows', 'precision_mm': 'best at -30 mm'}} 0.1s
gourlin   ctx B A1:treble:8449-8550 (bar 21–22)                  {'treble': {'rows': 4, 'gain': -8.005, 'critical_has': 1.477, 'critical_lacks': -1.095, 'power_has': 0.72, 'power_lacks': 0.8, 'verdict': 'lacks', 'precision_mm': 'best at +30 mm'}} 0.1s
gourlin   ctx B A1:treble:9085-9085 (bar 23–23)                  {'treble': {'rows': 1, 'gain': -0.476, 'critical_has': 0.56, 'critical_lacks': -0.488, 'power_has': 0.12, 'power_lacks': 0.3, 'verdict': 'undecided', 'precision_mm': 'best at +16 mm'}} 0.1s
gourlin   ctx B A1:treble:10060-10060 (bar 24–24)                {'treble': {'rows': 0, 'gain': 0.0, 'design': "group changes no row of this file's model", 'verdict': 'no rows', 'precision_mm': None}} 0.1s
gourlin   ctx B D1:bass:1145-1243 (bar upbeat–upbeat)            {'bass': {'rows': 0, 'gain': 0.0, 'design': "group changes no row of this file's model", 'verdict': 'no rows', 'precision_mm': None}} 0.1s
gourlin   ctx B D1:soft:6338-6338 (bar 13–13)                    {'bass': {'rows': 0, 'gain': 0.0, 'design': "group changes no row of this file's model", 'verdict': 'no rows', 'precision_mm': None}, 'treble': {'rows': 0, 'gain': 0.0, 'design': "group changes no row of this file's model", 'verdict': 'no rows', 'precision_mm': None}} 0.0s
gourlin   ctx C B:bass:1483-1609 (bar 1–1)                       {'bass': {'rows': 0, 'gain': 0.0, 'design': "group changes no row of this file's model", 'verdict': 'no rows', 'precision_mm': 'best at -18 mm'}} 0.1s
gourlin   ctx C B:bass:2136-2568 (bar 3–5)                       {'bass': {'rows': 6, 'gain': 4.204, 'critical_has': 0.932, 'critical_lacks': -1.879, 'power_has': 0.72, 'power_lacks': 0.67, 'verdict': 'has', 'precision_mm': 6.7}} 0.1s
gourlin   ctx C B:bass:3361-3547 (bar 8–1′)                      {'bass': {'rows': 4, 'gain': 6.222, 'critical_has': 7.505, 'critical_lacks': -1.738, 'power_has': 0.08, 'power_lacks': 0.87, 'verdict': 'undecided', 'precision_mm': 10.4}} 0.1s
gourlin   ctx C B:bass:3806-3806 (bar 2′–2′)                     {'bass': {'rows': 2, 'gain': 1.12, 'critical_has': 1.001, 'critical_lacks': -0.457, 'power_has': 0.17, 'power_lacks': 0.63, 'verdict': 'has', 'precision_mm': 17.4}} 0.1s
gourlin   ctx C B:bass:4047-4483 (bar 3′–5′)                     {'bass': {'rows': 11, 'gain': 16.243, 'critical_has': -0.924, 'critical_lacks': 0.004, 'power_has': 0.95, 'power_lacks': 0.97, 'verdict': 'has', 'precision_mm': 4.5}} 0.1s
gourlin   ctx C B:bass:4814-4909 (bar 6′–7′)                     {'bass': {'rows': 4, 'gain': 2.061, 'critical_has': 2.446, 'critical_lacks': -1.327, 'power_has': 0.22, 'power_lacks': 0.53, 'verdict': 'undecided', 'precision_mm': 15.3}} 0.1s
gourlin   ctx C B:bass:5341-5878 (bar 8′–11)                     {'bass': {'rows': 15, 'gain': 73.958, 'critical_has': -42.445, 'critical_lacks': 46.67, 'power_has': 1.0, 'power_lacks': 1.0, 'verdict': 'has', 'precision_mm': 3.3}} 0.1s
gourlin   ctx C B:bass:6079-6234 (bar 12–13)                     {'bass': {'rows': 5, 'gain': 17.385, 'critical_has': 5.287, 'critical_lacks': 2.785, 'power_has': 0.78, 'power_lacks': 0.92, 'verdict': 'has', 'precision_mm': 1.1}} 0.1s
gourlin   ctx C B:bass:7256-7396 (bar 16–17)                     {'bass': {'rows': 0, 'gain': 0.0, 'design': "group changes no row of this file's model", 'verdict': 'no rows', 'precision_mm': 'best at -17 mm'}} 0.1s
gourlin   ctx C B:bass:7939-8425 (bar 19–21)                     {'bass': {'rows': 10, 'gain': -10.223, 'critical_has': -2.223, 'critical_lacks': 2.719, 'power_has': 1.0, 'power_lacks': 0.98, 'verdict': 'lacks', 'precision_mm': 6.4}} 0.1s
gourlin   ctx C B:bass:8553-8568 (bar 22–22)                     {'bass': {'rows': 3, 'gain': 2.192, 'critical_has': 2.078, 'critical_lacks': -1.038, 'power_has': 0.17, 'power_lacks': 0.43, 'verdict': 'has', 'precision_mm': 10.6}} 0.1s
gourlin   ctx C B:bass:9198-9210 (bar 23–23)                     {'bass': {'rows': 2, 'gain': 0.196, 'critical_has': 0.725, 'critical_lacks': -0.578, 'power_has': 0.05, 'power_lacks': 0.3, 'verdict': 'undecided', 'precision_mm': '>= 30'}} 0.1s
gourlin   ctx C B:bass:9420-9673 (bar 24–24)                     {'bass': {'rows': 6, 'gain': 2.902, 'critical_has': 3.1, 'critical_lacks': -1.595, 'power_has': 0.3, 'power_lacks': 0.72, 'verdict': 'undecided', 'precision_mm': 12.9}} 0.1s
gourlin   ctx C B:soft:5316-5316 (bar 8′–8′)                     {'bass': {'rows': 13, 'gain': 0.0, 'critical_has': 2.957, 'critical_lacks': -4.371, 'power_has': 0.02, 'power_lacks': 0.03, 'verdict': 'undecided', 'precision_mm': 'best at -30 mm'}, 'treble': {'rows': 12, 'gain': 2.434, 'critical_has': 2.83, 'critical_lacks': 0.0, 'power_has': 0.55, 'power_lacks': 0.6, 'verdict': 'undecided', 'precision_mm': 'best at -30 mm'}} 1.0s
gourlin   ctx C B:soft:5771-5771 (bar 10–10)                     {'bass': {'rows': 20, 'gain': 0.0, 'critical_has': 0.885, 'critical_lacks': 0.0, 'power_has': 0.07, 'power_lacks': 0.05, 'verdict': 'undecided', 'precision_mm': 'best at -30 mm'}, 'treble': {'rows': 8, 'gain': 0.076, 'critical_has': 0.0, 'critical_lacks': -1.084, 'power_has': 0.62, 'power_lacks': 0.6, 'verdict': 'has', 'precision_mm': 'best at -30 mm'}} 0.9s
gourlin   ctx C B:treble:1709-1759 (bar 2–2)                     {'treble': {'rows': 12, 'gain': -7.147, 'critical_has': 0.776, 'critical_lacks': 2.199, 'power_has': 0.95, 'power_lacks': 0.95, 'verdict': 'lacks', 'precision_mm': 'best at -18 mm'}} 0.1s
gourlin   ctx C B:treble:1932-2163 (bar 2–3)                     {'treble': {'rows': 12, 'gain': 3.926, 'critical_has': 1.607, 'critical_lacks': -1.529, 'power_has': 0.42, 'power_lacks': 0.52, 'verdict': 'has', 'precision_mm': 'best at -30 mm'}} 0.1s
gourlin   ctx C B:treble:2569-2678 (bar 5–6)                     {'treble': {'rows': 6, 'gain': 3.458, 'critical_has': 2.627, 'critical_lacks': -0.635, 'power_has': 0.23, 'power_lacks': 0.7, 'verdict': 'has', 'precision_mm': 15.4}} 0.1s
gourlin   ctx C B:treble:3926-4074 (bar 3′–3′)                   {'treble': {'rows': 8, 'gain': 0.224, 'critical_has': 1.3, 'critical_lacks': -0.953, 'power_has': 0.18, 'power_lacks': 0.23, 'verdict': 'undecided', 'precision_mm': '>= 31'}} 0.1s
gourlin   ctx C B:treble:4580-4603 (bar 6′–6′)                   {'treble': {'rows': 1, 'gain': -0.095, 'critical_has': 0.47, 'critical_lacks': -0.259, 'power_has': 0.03, 'power_lacks': 0.1, 'verdict': 'undecided', 'precision_mm': 'best at -18 mm'}} 0.1s
gourlin   ctx C B:treble:5535-5979 (bar 9–11)                    {'treble': {'rows': 11, 'gain': 1.193, 'critical_has': 2.072, 'critical_lacks': -1.23, 'power_has': 0.32, 'power_lacks': 0.62, 'verdict': 'undecided', 'precision_mm': 7.6}} 0.1s
gourlin   ctx C B:treble:6182-6182 (bar 12–12)                   {'treble': {'rows': 3, 'gain': 1.249, 'critical_has': 1.423, 'critical_lacks': -0.727, 'power_has': 0.32, 'power_lacks': 0.63, 'verdict': 'undecided', 'precision_mm': '>= 30'}} 0.1s
gourlin   ctx C B:treble:6339-6503 (bar 13–14)                   {'treble': {'rows': 13, 'gain': 4.143, 'critical_has': 1.942, 'critical_lacks': -0.11, 'power_has': 0.7, 'power_lacks': 0.85, 'verdict': 'has', 'precision_mm': '>= 30'}} 0.1s
gourlin   ctx C B:treble:7431-7686 (bar 17–18)                   {'treble': {'rows': 21, 'gain': 33.422, 'critical_has': -8.569, 'critical_lacks': -0.093, 'power_has': 1.0, 'power_lacks': 1.0, 'verdict': 'has', 'precision_mm': 'best at -29 mm'}} 0.1s
gourlin   ctx C B:treble:7952-8020 (bar 19–20)                   {'treble': {'rows': 7, 'gain': 0.691, 'critical_has': 3.058, 'critical_lacks': -1.263, 'power_has': 0.6, 'power_lacks': 0.82, 'verdict': 'undecided', 'precision_mm': '>= 30'}} 0.1s
gourlin   ctx C B:treble:8438-8498 (bar 21–21)                   {'treble': {'rows': 7, 'gain': 4.497, 'critical_has': 0.388, 'critical_lacks': -2.481, 'power_has': 0.73, 'power_lacks': 0.37, 'verdict': 'has', 'precision_mm': 'best at -17 mm'}} 0.1s
gourlin   ctx C B:treble:8753-9054 (bar 22–23)                   {'treble': {'rows': 4, 'gain': -0.194, 'critical_has': 1.416, 'critical_lacks': -0.682, 'power_has': 0.0, 'power_lacks': 0.17, 'verdict': 'undecided', 'precision_mm': 'best at +30 mm'}} 0.1s
gourlin   ctx C B:treble:9213-9222 (bar 23–23)                   {'treble': {'rows': 1, 'gain': -0.169, 'critical_has': 0.266, 'critical_lacks': -0.191, 'power_has': 0.2, 'power_lacks': 0.17, 'verdict': 'undecided', 'precision_mm': 'best at -30 mm'}} 0.1s
gourlin   ctx C C:bass:1433-1473 (bar upbeat–Auftakt)            {'bass': {'rows': 2, 'gain': 0.926, 'critical_has': 0.689, 'critical_lacks': -1.136, 'power_has': 0.37, 'power_lacks': 0.47, 'verdict': 'has', 'precision_mm': '>= 30'}} 0.1s
gourlin   ctx C C:bass:1875-2077 (bar 2–3)                       {'bass': {'rows': 7, 'gain': -2.55, 'critical_has': 4.723, 'critical_lacks': -2.242, 'power_has': 0.13, 'power_lacks': 0.58, 'verdict': 'lacks', 'precision_mm': 'best at +17 mm'}} 0.1s
gourlin   ctx C C:bass:2231-2475 (bar 4–5)                       {'bass': {'rows': 4, 'gain': 0.266, 'critical_has': 1.323, 'critical_lacks': -0.94, 'power_has': 0.12, 'power_lacks': 0.28, 'verdict': 'undecided', 'precision_mm': 1.1}} 0.1s
gourlin   ctx C C:bass:2659-2671 (bar 6–6)                       {'bass': {'rows': 2, 'gain': -0.368, 'critical_has': 2.163, 'critical_lacks': -0.382, 'power_has': 0.02, 'power_lacks': 0.62, 'verdict': 'undecided', 'precision_mm': 'best at -31 mm'}} 0.1s
gourlin   ctx C C:bass:2853-3109 (bar 6–8)                       {'bass': {'rows': 8, 'gain': -1.158, 'critical_has': 1.628, 'critical_lacks': -1.332, 'power_has': 0.33, 'power_lacks': 0.47, 'verdict': 'undecided', 'precision_mm': '>= 30'}} 0.1s
gourlin   ctx C C:bass:3252-3263 (bar 8–8)                       {'bass': {'rows': 2, 'gain': -0.302, 'critical_has': 2.079, 'critical_lacks': -0.765, 'power_has': 0.03, 'power_lacks': 0.32, 'verdict': 'undecided', 'precision_mm': 'best at +17 mm'}} 0.1s
gourlin   ctx C C:bass:3863-3938 (bar 2′–3′)                     {'bass': {'rows': 4, 'gain': -1.191, 'critical_has': 1.861, 'critical_lacks': -2.133, 'power_has': 0.22, 'power_lacks': 0.33, 'verdict': 'undecided', 'precision_mm': 'best at +17 mm'}} 0.1s
gourlin   ctx C C:bass:4281-4286 (bar 4′–4′)                     {'bass': {'rows': 0, 'gain': 0.0, 'design': "group changes no row of this file's model", 'verdict': 'no rows', 'precision_mm': 1.1}} 0.1s
gourlin   ctx C C:bass:5036-5175 (bar 7′–8′)                     {'bass': {'rows': 3, 'gain': -0.553, 'critical_has': 1.512, 'critical_lacks': -1.066, 'power_has': 0.17, 'power_lacks': 0.37, 'verdict': 'undecided', 'precision_mm': 'best at -30 mm'}} 0.1s
gourlin   ctx C C:bass:6475-7227 (bar 14–16)                     {'bass': {'rows': 14, 'gain': -22.659, 'critical_has': -1.967, 'critical_lacks': 2.473, 'power_has': 0.97, 'power_lacks': 0.98, 'verdict': 'lacks', 'precision_mm': 'best at -30 mm'}} 0.1s
gourlin   ctx C C:bass:7672-7880 (bar 18–19)                     {'bass': {'rows': 7, 'gain': -1.174, 'critical_has': 1.34, 'critical_lacks': -1.565, 'power_has': 0.28, 'power_lacks': 0.43, 'verdict': 'undecided', 'precision_mm': 'best at +17 mm'}} 0.1s
gourlin   ctx C C:bass:8210-8216 (bar 20–20)                     {'bass': {'rows': 2, 'gain': -2.975, 'critical_has': 1.365, 'critical_lacks': 1.043, 'power_has': 0.88, 'power_lacks': 0.93, 'verdict': 'lacks', 'precision_mm': '>= 30'}} 0.1s
gourlin   ctx C C:bass:8867-9156 (bar 22–23)                     {'bass': {'rows': 10, 'gain': -1.955, 'critical_has': 3.05, 'critical_lacks': -2.9, 'power_has': 0.22, 'power_lacks': 0.2, 'verdict': 'undecided', 'precision_mm': 'best at -30 mm'}} 0.1s
gourlin   ctx C C:treble:1691-8037 (bar 2–20)                    {'treble': {'rows': 0, 'gain': 0.0, 'design': "group changes no row of this file's model", 'verdict': 'no rows', 'precision_mm': None}} 0.0s
gourlin   ctx C C:treble:2776-2892 (bar 6–7)                     {'treble': {'rows': 1, 'gain': 0.123, 'critical_has': 0.536, 'critical_lacks': -0.181, 'power_has': 0.02, 'power_lacks': 0.18, 'verdict': 'undecided', 'precision_mm': '>= 30'}} 0.1s
gourlin   ctx C C:treble:3062-3076 (bar 7–7)                     {'treble': {'rows': 2, 'gain': -0.185, 'critical_has': 0.806, 'critical_lacks': -0.568, 'power_has': 0.12, 'power_lacks': 0.02, 'verdict': 'undecided', 'precision_mm': '>= 30'}} 0.1s
gourlin   ctx C C:treble:3252-3270 (bar 8–8)                     {'treble': {'rows': 2, 'gain': -0.405, 'critical_has': 0.571, 'critical_lacks': -0.337, 'power_has': 0.12, 'power_lacks': 0.3, 'verdict': 'lacks', 'precision_mm': 'best at +17 mm'}} 0.1s
gourlin   ctx C C:treble:3865-3888 (bar 2′–3′)                   {'treble': {'rows': 1, 'gain': -0.458, 'critical_has': 0.701, 'critical_lacks': -0.496, 'power_has': 0.18, 'power_lacks': 0.35, 'verdict': 'undecided', 'precision_mm': 'best at +18 mm'}} 0.1s
gourlin   ctx C C:treble:4816-5253 (bar 6′–8′)                   {'treble': {'rows': 8, 'gain': -1.174, 'critical_has': 2.774, 'critical_lacks': -1.164, 'power_has': 0.07, 'power_lacks': 0.35, 'verdict': 'lacks', 'precision_mm': 'best at +30 mm'}} 0.1s
gourlin   ctx C C:treble:5605-5605 (bar 10–10)                   {'treble': {'rows': 4, 'gain': 0.068, 'critical_has': 1.022, 'critical_lacks': -0.682, 'power_has': 0.08, 'power_lacks': 0.2, 'verdict': 'undecided', 'precision_mm': '>= 31'}} 0.1s
gourlin   ctx C C:treble:6608-7072 (bar 14–16)                   {'treble': {'rows': 12, 'gain': -0.346, 'critical_has': 0.977, 'critical_lacks': -0.906, 'power_has': 0.15, 'power_lacks': 0.38, 'verdict': 'undecided', 'precision_mm': '>= 30'}} 0.1s
gourlin   ctx C C:treble:7739-7843 (bar 18–19)                   {'treble': {'rows': 4, 'gain': -0.761, 'critical_has': 1.31, 'critical_lacks': -0.875, 'power_has': 0.08, 'power_lacks': 0.15, 'verdict': 'undecided', 'precision_mm': 'best at +30 mm'}} 0.1s
gourlin   ctx C C:treble:8534-8605 (bar 22–22)                   {'treble': {'rows': 2, 'gain': -0.38, 'critical_has': 0.408, 'critical_lacks': -0.427, 'power_has': 0.07, 'power_lacks': 0.07, 'verdict': 'undecided', 'precision_mm': 16.9}} 0.1s
gourlin   ctx C C:treble:8953-8968 (bar 23–23)                   {'treble': {'rows': 1, 'gain': -0.024, 'critical_has': 0.762, 'critical_lacks': -0.295, 'power_has': 0.03, 'power_lacks': 0.4, 'verdict': 'undecided', 'precision_mm': 'best at +29 mm'}} 0.1s
gourlin   ctx C C:treble:9151-9163 (bar 23–23)                   {'treble': {'rows': 1, 'gain': -0.279, 'critical_has': 0.707, 'critical_lacks': -0.328, 'power_has': 0.03, 'power_lacks': 0.15, 'verdict': 'undecided', 'precision_mm': 'best at -28 mm'}} 0.1s
gourlin   ctx C B1:bass:1419-1438 (bar upbeat–upbeat)            {'bass': {'rows': 1, 'gain': -0.211, 'critical_has': 0.398, 'critical_lacks': -0.584, 'power_has': 0.67, 'power_lacks': 0.77, 'verdict': 'undecided', 'precision_mm': '>= 31'}} 0.1s
gourlin   ctx C B1:bass:7365-7365 (bar 17–17)                    {'bass': {'rows': 0, 'gain': 0.0, 'design': "group changes no row of this file's model", 'verdict': 'no rows', 'precision_mm': None}} 0.1s
gourlin   ctx C A1:bass:1737-1753 (bar 2–2)                      {'bass': {'rows': 2, 'gain': -0.426, 'critical_has': 0.988, 'critical_lacks': -0.453, 'power_has': 0.12, 'power_lacks': 0.53, 'verdict': 'undecided', 'precision_mm': 'best at -32 mm'}} 0.1s
gourlin   ctx C A1:bass:2149-2275 (bar 3–4)                      {'bass': {'rows': 4, 'gain': 1.215, 'critical_has': 3.006, 'critical_lacks': -0.978, 'power_has': 0.32, 'power_lacks': 0.67, 'verdict': 'undecided', 'precision_mm': '>= 26'}} 0.1s
gourlin   ctx C A1:bass:3796-3796 (bar 2′–2′)                    {'bass': {'rows': 2, 'gain': -0.036, 'critical_has': 2.558, 'critical_lacks': -0.545, 'power_has': 0.03, 'power_lacks': 0.4, 'verdict': 'undecided', 'precision_mm': '>= 30'}} 0.1s
gourlin   ctx C A1:bass:4056-4067 (bar 3′–3′)                    {'bass': {'rows': 3, 'gain': -8.689, 'critical_has': 4.262, 'critical_lacks': 0.79, 'power_has': 0.52, 'power_lacks': 0.9, 'verdict': 'lacks', 'precision_mm': 'best at +18 mm'}} 0.1s
gourlin   ctx C A1:bass:5363-5583 (bar 8′–9)                     {'bass': {'rows': 8, 'gain': -13.491, 'critical_has': -5.293, 'critical_lacks': -7.205, 'power_has': 0.92, 'power_lacks': 0.88, 'verdict': 'lacks', 'precision_mm': 'best at +30 mm'}} 0.1s
gourlin   ctx C A1:bass:7924-8040 (bar 19–20)                    {'bass': {'rows': 11, 'gain': -34.116, 'critical_has': -3.427, 'critical_lacks': 1.725, 'power_has': 1.0, 'power_lacks': 0.98, 'verdict': 'lacks', 'precision_mm': 'best at +30 mm'}} 0.1s
gourlin   ctx C A1:bass:8543-8628 (bar 22–22)                    {'bass': {'rows': 3, 'gain': 0.562, 'critical_has': 1.476, 'critical_lacks': -1.433, 'power_has': 0.28, 'power_lacks': 0.35, 'verdict': 'undecided', 'precision_mm': '>= 29'}} 0.1s
gourlin   ctx C A1:soft:5507-5667 (bar 9–10)                     {'bass': {'rows': 2, 'gain': 0.007, 'critical_has': 2.02, 'critical_lacks': -2.896, 'power_has': 0.02, 'power_lacks': 0.03, 'verdict': 'undecided', 'precision_mm': 'best at -31 mm'}, 'treble': {'rows': 4, 'gain': 0.0, 'critical_has': 0.154, 'critical_lacks': -0.993, 'power_has': 0.4, 'power_lacks': 0.55, 'verdict': 'undecided', 'precision_mm': '>= 31'}} 0.9s
gourlin   ctx C A1:soft:6250-6250 (bar 13–13)                    {'bass': {'rows': 2, 'gain': 0.0, 'critical_has': 0.589, 'critical_lacks': -0.754, 'power_has': 0.0, 'power_lacks': 0.12, 'verdict': 'undecided', 'precision_mm': 'best at -17 mm'}, 'treble': {'rows': 1, 'gain': 0.206, 'critical_has': 0.035, 'critical_lacks': -2.356, 'power_has': 0.53, 'power_lacks': 0.1, 'verdict': 'has', 'precision_mm': '>= 30'}} 0.9s
gourlin   ctx C A1:treble:1964-2112 (bar 3–3)                    {'treble': {'rows': 6, 'gain': 5.676, 'critical_has': 3.892, 'critical_lacks': -1.197, 'power_has': 0.12, 'power_lacks': 0.55, 'verdict': 'has', 'precision_mm': 0.0}} 0.1s
gourlin   ctx C A1:treble:2636-2685 (bar 6–6)                    {'treble': {'rows': 3, 'gain': -0.689, 'critical_has': 2.049, 'critical_lacks': -1.016, 'power_has': 0.1, 'power_lacks': 0.32, 'verdict': 'undecided', 'precision_mm': 11.1}} 0.1s
gourlin   ctx C A1:treble:2864-2873 (bar 7–7)                    {'treble': {'rows': 12, 'gain': -5.525, 'critical_has': 3.974, 'critical_lacks': -0.355, 'power_has': 0.62, 'power_lacks': 0.8, 'verdict': 'lacks', 'precision_mm': 'best at -30 mm'}} 0.1s
gourlin   ctx C A1:treble:4561-4645 (bar 6′–6′)                  {'treble': {'rows': 4, 'gain': -0.952, 'critical_has': 2.061, 'critical_lacks': -1.147, 'power_has': 0.12, 'power_lacks': 0.22, 'verdict': 'undecided', 'precision_mm': 'best at -31 mm'}} 0.1s
gourlin   ctx C A1:treble:5547-5589 (bar 9–10)                   {'treble': {'rows': 2, 'gain': -0.054, 'critical_has': 0.673, 'critical_lacks': -0.562, 'power_has': 0.13, 'power_lacks': 0.23, 'verdict': 'undecided', 'precision_mm': 'best at -17 mm'}} 0.1s
gourlin   ctx C A1:treble:5868-5892 (bar 11–11)                  {'treble': {'rows': 0, 'gain': 0.0, 'design': "group changes no row of this file's model", 'verdict': 'no rows', 'precision_mm': '>= 31'}} 0.1s
gourlin   ctx C A1:treble:6216-6458 (bar 12–13)                  {'treble': {'rows': 0, 'gain': 0.0, 'design': "group changes no row of this file's model", 'verdict': 'no rows', 'precision_mm': '>= 30'}} 0.1s
gourlin   ctx C A1:treble:7524-7568 (bar 18–18)                  {'treble': {'rows': 0, 'gain': 0.0, 'design': "group changes no row of this file's model", 'verdict': 'no rows', 'precision_mm': '>= 29'}} 0.1s
gourlin   ctx C A1:treble:7993-7993 (bar 19–19)                  {'treble': {'rows': 0, 'gain': 0.0, 'design': "group changes no row of this file's model", 'verdict': 'no rows', 'precision_mm': 'best at -30 mm'}} 0.1s
gourlin   ctx C A1:treble:8449-8550 (bar 21–22)                  {'treble': {'rows': 4, 'gain': -8.839, 'critical_has': 3.955, 'critical_lacks': -1.909, 'power_has': 0.42, 'power_lacks': 0.8, 'verdict': 'lacks', 'precision_mm': 'best at -17 mm'}} 0.1s
gourlin   ctx C A1:treble:9085-9085 (bar 23–23)                  {'treble': {'rows': 1, 'gain': -0.416, 'critical_has': 0.759, 'critical_lacks': -0.484, 'power_has': 0.1, 'power_lacks': 0.22, 'verdict': 'undecided', 'precision_mm': 'best at +16 mm'}} 0.1s
gourlin   ctx C A1:treble:10060-10060 (bar 24–24)                {'treble': {'rows': 0, 'gain': 0.0, 'design': "group changes no row of this file's model", 'verdict': 'no rows', 'precision_mm': None}} 0.1s
gourlin   ctx C D1:bass:1145-1243 (bar upbeat–upbeat)            {'bass': {'rows': 0, 'gain': 0.0, 'design': "group changes no row of this file's model", 'verdict': 'no rows', 'precision_mm': None}} 0.1s
gourlin   ctx C D1:soft:6338-6338 (bar 13–13)                    {'bass': {'rows': 0, 'gain': 0.0, 'design': "group changes no row of this file's model", 'verdict': 'no rows', 'precision_mm': None}, 'treble': {'rows': 0, 'gain': 0.0, 'design': "group changes no row of this file's model", 'verdict': 'no rows', 'precision_mm': None}} 0.0s
phillipsL ctx B B:bass:1483-1609 (bar 1–1)                       {'bass': {'rows': 0, 'gain': 0.0, 'design': "group changes no row of this file's model", 'verdict': 'no rows', 'precision_mm': 'best at -31 mm'}} 0.1s
phillipsL ctx B B:bass:2136-2568 (bar 3–5)                       {'bass': {'rows': 5, 'gain': 2.874, 'critical_has': -1.749, 'critical_lacks': 1.536, 'power_has': 1.0, 'power_lacks': 0.98, 'verdict': 'has', 'precision_mm': 'best at -18 mm'}} 0.1s
phillipsL ctx B B:bass:3361-3547 (bar 8–1′)                      {'bass': {'rows': 4, 'gain': 5.906, 'critical_has': 2.59, 'critical_lacks': -2.732, 'power_has': 0.75, 'power_lacks': 0.77, 'verdict': 'has', 'precision_mm': 8.6}} 0.1s
phillipsL ctx B B:bass:3806-3806 (bar 2′–2′)                     {'bass': {'rows': 1, 'gain': 1.351, 'critical_has': 1.023, 'critical_lacks': -0.446, 'power_has': 0.27, 'power_lacks': 0.8, 'verdict': 'has', 'precision_mm': 17.8}} 0.1s
phillipsL ctx B B:bass:4047-4483 (bar 3′–5′)                     {'bass': {'rows': 8, 'gain': 14.583, 'critical_has': -3.309, 'critical_lacks': 2.909, 'power_has': 0.98, 'power_lacks': 0.97, 'verdict': 'has', 'precision_mm': 5.7}} 0.1s
phillipsL ctx B B:bass:4814-4909 (bar 6′–7′)                     {'bass': {'rows': 4, 'gain': 2.457, 'critical_has': 0.428, 'critical_lacks': -1.042, 'power_has': 0.73, 'power_lacks': 0.78, 'verdict': 'has', 'precision_mm': 8.9}} 0.1s
phillipsL ctx B B:bass:5341-5878 (bar 8′–11)                     {'bass': {'rows': 13, 'gain': 40.858, 'critical_has': -23.787, 'critical_lacks': 24.196, 'power_has': 1.0, 'power_lacks': 1.0, 'verdict': 'has', 'precision_mm': 2.3}} 0.1s
phillipsL ctx B B:bass:6079-6234 (bar 12–13)                     {'bass': {'rows': 4, 'gain': 17.768, 'critical_has': -1.034, 'critical_lacks': 9.164, 'power_has': 1.0, 'power_lacks': 0.97, 'verdict': 'has', 'precision_mm': 1.1}} 0.1s
phillipsL ctx B B:bass:7256-7396 (bar 16–17)                     {'bass': {'rows': 0, 'gain': 0.0, 'design': "group changes no row of this file's model", 'verdict': 'no rows', 'precision_mm': 'best at -18 mm'}} 0.1s
phillipsL ctx B B:bass:7939-8425 (bar 19–21)                     {'bass': {'rows': 10, 'gain': -13.469, 'critical_has': -0.162, 'critical_lacks': 0.135, 'power_has': 0.97, 'power_lacks': 0.97, 'verdict': 'lacks', 'precision_mm': 8.0}} 0.1s
phillipsL ctx B B:bass:8553-8568 (bar 22–22)                     {'bass': {'rows': 2, 'gain': 0.952, 'critical_has': 1.745, 'critical_lacks': -2.154, 'power_has': 0.1, 'power_lacks': 0.08, 'verdict': 'undecided', 'precision_mm': '>= 31'}} 0.1s
phillipsL ctx B B:bass:9198-9210 (bar 23–23)                     {'bass': {'rows': 1, 'gain': 0.059, 'critical_has': 0.334, 'critical_lacks': -0.381, 'power_has': 0.2, 'power_lacks': 0.1, 'verdict': 'undecided', 'precision_mm': '>= 32'}} 0.1s
phillipsL ctx B B:bass:9420-9673 (bar 24–24)                     {'bass': {'rows': 6, 'gain': 0.653, 'critical_has': -1.095, 'critical_lacks': -0.002, 'power_has': 0.98, 'power_lacks': 0.97, 'verdict': 'has', 'precision_mm': 9.2}} 0.1s
phillipsL ctx B B:soft:5316-5316 (bar 8′–8′)                     {'bass': {'rows': 13, 'gain': -0.281, 'critical_has': 2.81, 'critical_lacks': -4.116, 'power_has': 0.03, 'power_lacks': 0.03, 'verdict': 'undecided', 'precision_mm': 'best at -31 mm'}, 'treble': {'rows': 12, 'gain': 0.807, 'critical_has': 2.395, 'critical_lacks': 0.112, 'power_has': 0.58, 'power_lacks': 0.78, 'verdict': 'undecided', 'precision_mm': 'best at -31 mm'}} 1.0s
phillipsL ctx B B:soft:5771-5771 (bar 10–10)                     {'bass': {'rows': 20, 'gain': 0.0, 'critical_has': 1.456, 'critical_lacks': -2.142, 'power_has': 0.03, 'power_lacks': 0.03, 'verdict': 'undecided', 'precision_mm': 'best at -31 mm'}, 'treble': {'rows': 8, 'gain': 0.007, 'critical_has': 0.001, 'critical_lacks': -2.426, 'power_has': 0.58, 'power_lacks': 0.48, 'verdict': 'has', 'precision_mm': '>= 31'}} 0.9s
phillipsL ctx B B:treble:1709-1759 (bar 2–2)                     {'treble': {'rows': 3, 'gain': 4.703, 'critical_has': -2.096, 'critical_lacks': 0.486, 'power_has': 1.0, 'power_lacks': 1.0, 'verdict': 'has', 'precision_mm': 13.3}} 0.1s
phillipsL ctx B B:treble:1932-2163 (bar 2–3)                     {'treble': {'rows': 10, 'gain': 2.352, 'critical_has': 2.383, 'critical_lacks': -1.368, 'power_has': 0.12, 'power_lacks': 0.3, 'verdict': 'undecided', 'precision_mm': 'best at -30 mm'}} 0.1s
phillipsL ctx B B:treble:2569-2678 (bar 5–6)                     {'treble': {'rows': 7, 'gain': 13.626, 'critical_has': -4.155, 'critical_lacks': 3.097, 'power_has': 1.0, 'power_lacks': 1.0, 'verdict': 'has', 'precision_mm': 13.1}} 0.1s
phillipsL ctx B B:treble:3926-4074 (bar 3′–3′)                   {'treble': {'rows': 4, 'gain': -0.033, 'critical_has': 1.143, 'critical_lacks': -0.778, 'power_has': 0.13, 'power_lacks': 0.3, 'verdict': 'undecided', 'precision_mm': 'best at -31 mm'}} 0.1s
phillipsL ctx B B:treble:4580-4603 (bar 6′–6′)                   {'treble': {'rows': 1, 'gain': 0.069, 'critical_has': 0.416, 'critical_lacks': -0.278, 'power_has': 0.13, 'power_lacks': 0.12, 'verdict': 'undecided', 'precision_mm': 'best at -32 mm'}} 0.1s
phillipsL ctx B B:treble:5535-5979 (bar 9–11)                    {'treble': {'rows': 11, 'gain': 2.821, 'critical_has': 1.835, 'critical_lacks': -0.477, 'power_has': 0.87, 'power_lacks': 0.9, 'verdict': 'has', 'precision_mm': 1.1}} 0.1s
phillipsL ctx B B:treble:6182-6182 (bar 12–12)                   {'treble': {'rows': 2, 'gain': 1.217, 'critical_has': 0.835, 'critical_lacks': -0.821, 'power_has': 0.57, 'power_lacks': 0.67, 'verdict': 'has', 'precision_mm': 'best at -18 mm'}} 0.1s
phillipsL ctx B B:treble:6339-6503 (bar 13–14)                   {'treble': {'rows': 10, 'gain': 3.125, 'critical_has': -0.873, 'critical_lacks': 0.884, 'power_has': 0.98, 'power_lacks': 0.97, 'verdict': 'has', 'precision_mm': '>= 32'}} 0.1s
phillipsL ctx B B:treble:7431-7686 (bar 17–18)                   {'treble': {'rows': 21, 'gain': 86.768, 'critical_has': -44.341, 'critical_lacks': 17.66, 'power_has': 1.0, 'power_lacks': 1.0, 'verdict': 'has', 'precision_mm': 'best at +18 mm'}} 0.1s
phillipsL ctx B B:treble:7952-8020 (bar 19–20)                   {'treble': {'rows': 7, 'gain': -2.086, 'critical_has': 1.384, 'critical_lacks': -0.215, 'power_has': 0.83, 'power_lacks': 0.83, 'verdict': 'lacks', 'precision_mm': 'best at +32 mm'}} 0.1s
phillipsL ctx B B:treble:8438-8498 (bar 21–21)                   {'treble': {'rows': 7, 'gain': 30.298, 'critical_has': -5.143, 'critical_lacks': 4.093, 'power_has': 1.0, 'power_lacks': 1.0, 'verdict': 'has', 'precision_mm': '>= 32'}} 0.1s
phillipsL ctx B B:treble:8753-9054 (bar 22–23)                   {'treble': {'rows': 4, 'gain': 0.194, 'critical_has': 0.797, 'critical_lacks': -0.516, 'power_has': 0.05, 'power_lacks': 0.22, 'verdict': 'undecided', 'precision_mm': 'best at +32 mm'}} 0.1s
phillipsL ctx B B:treble:9213-9222 (bar 23–23)                   {'treble': {'rows': 1, 'gain': -0.205, 'critical_has': 0.345, 'critical_lacks': -0.322, 'power_has': 0.07, 'power_lacks': 0.15, 'verdict': 'undecided', 'precision_mm': 'best at -32 mm'}} 0.1s
phillipsL ctx B C:bass:1433-1473 (bar upbeat–Auftakt)            {'bass': {'rows': 1, 'gain': -0.882, 'critical_has': 0.333, 'critical_lacks': -0.419, 'power_has': 0.28, 'power_lacks': 0.4, 'verdict': 'lacks', 'precision_mm': 'best at -30 mm'}} 0.1s
phillipsL ctx B C:bass:1875-2077 (bar 2–3)                       {'bass': {'rows': 7, 'gain': -3.723, 'critical_has': 2.408, 'critical_lacks': -1.202, 'power_has': 0.58, 'power_lacks': 0.83, 'verdict': 'lacks', 'precision_mm': 'best at +17 mm'}} 0.1s
phillipsL ctx B C:bass:2231-2475 (bar 4–5)                       {'bass': {'rows': 4, 'gain': 0.603, 'critical_has': 2.362, 'critical_lacks': -1.42, 'power_has': 0.0, 'power_lacks': 0.1, 'verdict': 'undecided', 'precision_mm': 0.0}} 0.1s
phillipsL ctx B C:bass:2659-2671 (bar 6–6)                       {'bass': {'rows': 2, 'gain': -0.582, 'critical_has': 0.844, 'critical_lacks': -0.464, 'power_has': 0.18, 'power_lacks': 0.65, 'verdict': 'lacks', 'precision_mm': '>= 31'}} 0.1s
phillipsL ctx B C:bass:2853-3109 (bar 6–8)                       {'bass': {'rows': 8, 'gain': -1.768, 'critical_has': 2.569, 'critical_lacks': -0.865, 'power_has': 0.18, 'power_lacks': 0.65, 'verdict': 'lacks', 'precision_mm': '>= 30'}} 0.1s
phillipsL ctx B C:bass:3252-3263 (bar 8–8)                       {'bass': {'rows': 2, 'gain': -0.737, 'critical_has': 0.774, 'critical_lacks': -0.55, 'power_has': 0.25, 'power_lacks': 0.57, 'verdict': 'lacks', 'precision_mm': 'best at +17 mm'}} 0.1s
phillipsL ctx B C:bass:3863-3938 (bar 2′–3′)                     {'bass': {'rows': 4, 'gain': -2.043, 'critical_has': 1.336, 'critical_lacks': -2.983, 'power_has': 0.45, 'power_lacks': 0.25, 'verdict': 'undecided', 'precision_mm': 'best at +18 mm'}} 0.1s
phillipsL ctx B C:bass:4281-4286 (bar 4′–4′)                     {'bass': {'rows': 0, 'gain': 0.0, 'design': "group changes no row of this file's model", 'verdict': 'no rows', 'precision_mm': 1.1}} 0.1s
phillipsL ctx B C:bass:5036-5175 (bar 7′–8′)                     {'bass': {'rows': 3, 'gain': -0.512, 'critical_has': 0.762, 'critical_lacks': -0.699, 'power_has': 0.22, 'power_lacks': 0.58, 'verdict': 'undecided', 'precision_mm': 'best at +18 mm'}} 0.1s
phillipsL ctx B C:bass:6475-7227 (bar 14–16)                     {'bass': {'rows': 14, 'gain': -26.006, 'critical_has': -10.547, 'critical_lacks': 3.194, 'power_has': 1.0, 'power_lacks': 1.0, 'verdict': 'lacks', 'precision_mm': 'best at -32 mm'}} 0.1s
phillipsL ctx B C:bass:7672-7880 (bar 18–19)                     {'bass': {'rows': 7, 'gain': -1.826, 'critical_has': 0.941, 'critical_lacks': -1.238, 'power_has': 0.45, 'power_lacks': 0.57, 'verdict': 'lacks', 'precision_mm': 'best at -18 mm'}} 0.1s
phillipsL ctx B C:bass:8210-8216 (bar 20–20)                     {'bass': {'rows': 1, 'gain': -7.398, 'critical_has': -2.51, 'critical_lacks': 2.919, 'power_has': 0.98, 'power_lacks': 0.98, 'verdict': 'lacks', 'precision_mm': 'best at -18 mm'}} 0.1s
phillipsL ctx B C:bass:8867-9156 (bar 22–23)                     {'bass': {'rows': 9, 'gain': -3.376, 'critical_has': 2.385, 'critical_lacks': -1.083, 'power_has': 0.25, 'power_lacks': 0.57, 'verdict': 'lacks', 'precision_mm': 'best at -32 mm'}} 0.1s
phillipsL ctx B C:treble:1691-8037 (bar 2–20)                    {'treble': {'rows': 0, 'gain': 0.0, 'design': "group changes no row of this file's model", 'verdict': 'no rows', 'precision_mm': None}} 0.0s
phillipsL ctx B C:treble:2776-2892 (bar 6–7)                     {'treble': {'rows': 1, 'gain': 0.308, 'critical_has': 0.317, 'critical_lacks': -0.286, 'power_has': 0.07, 'power_lacks': 0.1, 'verdict': 'undecided', 'precision_mm': '>= 30'}} 0.1s
phillipsL ctx B C:treble:3062-3076 (bar 7–7)                     {'treble': {'rows': 2, 'gain': -0.18, 'critical_has': 0.38, 'critical_lacks': -0.599, 'power_has': 0.15, 'power_lacks': 0.13, 'verdict': 'undecided', 'precision_mm': '>= 30'}} 0.1s
phillipsL ctx B C:treble:3252-3270 (bar 8–8)                     {'treble': {'rows': 2, 'gain': -0.474, 'critical_has': 0.454, 'critical_lacks': -0.448, 'power_has': 0.18, 'power_lacks': 0.2, 'verdict': 'lacks', 'precision_mm': 'best at -29 mm'}} 0.1s
phillipsL ctx B C:treble:3865-3888 (bar 2′–3′)                   {'treble': {'rows': 1, 'gain': -0.433, 'critical_has': 0.708, 'critical_lacks': -1.048, 'power_has': 0.18, 'power_lacks': 0.05, 'verdict': 'undecided', 'precision_mm': 'best at +18 mm'}} 0.1s
phillipsL ctx B C:treble:4816-5253 (bar 6′–8′)                   {'treble': {'rows': 8, 'gain': -0.733, 'critical_has': 1.638, 'critical_lacks': -1.194, 'power_has': 0.15, 'power_lacks': 0.28, 'verdict': 'undecided', 'precision_mm': 'best at +31 mm'}} 0.1s
phillipsL ctx B C:treble:5605-5605 (bar 10–10)                   {'treble': {'rows': 9, 'gain': -9.463, 'critical_has': 2.294, 'critical_lacks': -3.291, 'power_has': 0.65, 'power_lacks': 0.48, 'verdict': 'lacks', 'precision_mm': 'best at -32 mm'}} 0.1s
phillipsL ctx B C:treble:6608-7072 (bar 14–16)                   {'treble': {'rows': 8, 'gain': -0.872, 'critical_has': 1.276, 'critical_lacks': -0.88, 'power_has': 0.13, 'power_lacks': 0.27, 'verdict': 'undecided', 'precision_mm': '>= 32'}} 0.1s
phillipsL ctx B C:treble:7739-7843 (bar 18–19)                   {'treble': {'rows': 3, 'gain': -0.789, 'critical_has': 0.703, 'critical_lacks': -0.47, 'power_has': 0.03, 'power_lacks': 0.28, 'verdict': 'lacks', 'precision_mm': 'best at +32 mm'}} 0.1s
phillipsL ctx B C:treble:8534-8605 (bar 22–22)                   {'treble': {'rows': 2, 'gain': -0.03, 'critical_has': 0.573, 'critical_lacks': -0.382, 'power_has': 0.08, 'power_lacks': 0.12, 'verdict': 'undecided', 'precision_mm': '>= 31'}} 0.1s
phillipsL ctx B C:treble:8953-8968 (bar 23–23)                   {'treble': {'rows': 1, 'gain': -0.215, 'critical_has': 0.587, 'critical_lacks': -0.418, 'power_has': 0.05, 'power_lacks': 0.13, 'verdict': 'undecided', 'precision_mm': 'best at +32 mm'}} 0.1s
phillipsL ctx B C:treble:9151-9163 (bar 23–23)                   {'treble': {'rows': 1, 'gain': -0.332, 'critical_has': 0.425, 'critical_lacks': -0.486, 'power_has': 0.1, 'power_lacks': 0.03, 'verdict': 'undecided', 'precision_mm': 'best at -30 mm'}} 0.1s
phillipsL ctx B B1:bass:1419-1438 (bar upbeat–upbeat)            {'bass': {'rows': 0, 'gain': 0.0, 'design': "group changes no row of this file's model", 'verdict': 'no rows', 'precision_mm': 'best at -30 mm'}} 0.1s
phillipsL ctx B B1:bass:7365-7365 (bar 17–17)                    {'bass': {'rows': 0, 'gain': 0.0, 'design': "group changes no row of this file's model", 'verdict': 'no rows', 'precision_mm': 'best at +32 mm'}} 0.1s
phillipsL ctx B A1:bass:1737-1753 (bar 2–2)                      {'bass': {'rows': 2, 'gain': -0.531, 'critical_has': 0.331, 'critical_lacks': -0.869, 'power_has': 0.63, 'power_lacks': 0.37, 'verdict': 'undecided', 'precision_mm': '>= 31'}} 0.1s
phillipsL ctx B A1:bass:2149-2275 (bar 3–4)                      {'bass': {'rows': 3, 'gain': -0.527, 'critical_has': 1.419, 'critical_lacks': -0.862, 'power_has': 0.77, 'power_lacks': 0.73, 'verdict': 'undecided', 'precision_mm': 9.2}} 0.1s
phillipsL ctx B A1:bass:3796-3796 (bar 2′–2′)                    {'bass': {'rows': 1, 'gain': 0.173, 'critical_has': 1.349, 'critical_lacks': -0.529, 'power_has': 0.0, 'power_lacks': 0.28, 'verdict': 'undecided', 'precision_mm': '>= 31'}} 0.1s
phillipsL ctx B A1:bass:4056-4067 (bar 3′–3′)                    {'bass': {'rows': 3, 'gain': -12.988, 'critical_has': -2.883, 'critical_lacks': 3.349, 'power_has': 1.0, 'power_lacks': 1.0, 'verdict': 'lacks', 'precision_mm': 'best at +18 mm'}} 0.1s
phillipsL ctx B A1:bass:5363-5583 (bar 8′–9)                     {'bass': {'rows': 6, 'gain': -2.825, 'critical_has': 4.473, 'critical_lacks': -2.653, 'power_has': 0.7, 'power_lacks': 0.73, 'verdict': 'lacks', 'precision_mm': 'best at +31 mm'}} 0.1s
phillipsL ctx B A1:bass:7924-8040 (bar 19–20)                    {'bass': {'rows': 9, 'gain': -29.529, 'critical_has': 0.453, 'critical_lacks': 0.428, 'power_has': 0.95, 'power_lacks': 0.95, 'verdict': 'lacks', 'precision_mm': 'best at +32 mm'}} 0.1s
phillipsL ctx B A1:bass:8543-8628 (bar 22–22)                    {'bass': {'rows': 3, 'gain': -0.673, 'critical_has': 1.214, 'critical_lacks': -2.92, 'power_has': 0.3, 'power_lacks': 0.1, 'verdict': 'undecided', 'precision_mm': '>= 31'}} 0.1s
phillipsL ctx B A1:soft:5507-5667 (bar 9–10)                     {'bass': {'rows': 2, 'gain': -0.562, 'critical_has': 0.957, 'critical_lacks': -2.19, 'power_has': 0.03, 'power_lacks': 0.03, 'verdict': 'undecided', 'precision_mm': 'best at +32 mm'}, 'treble': {'rows': 4, 'gain': 0.0, 'critical_has': 0.061, 'critical_lacks': -2.559, 'power_has': 0.42, 'power_lacks': 0.2, 'verdict': 'undecided', 'precision_mm': '>= 32'}} 0.9s
phillipsL ctx B A1:soft:6250-6250 (bar 13–13)                    {'bass': {'rows': 2, 'gain': 0.0, 'critical_has': 0.008, 'critical_lacks': -5.366, 'power_has': 0.02, 'power_lacks': 0.05, 'verdict': 'undecided', 'precision_mm': 'best at -18 mm'}, 'treble': {'rows': 1, 'gain': 0.069, 'critical_has': 0.043, 'critical_lacks': -1.18, 'power_has': 0.18, 'power_lacks': 0.18, 'verdict': 'has', 'precision_mm': '>= 31'}} 0.9s
phillipsL ctx B A1:treble:1964-2112 (bar 3–3)                    {'treble': {'rows': 6, 'gain': 1.723, 'critical_has': 1.311, 'critical_lacks': -1.559, 'power_has': 0.2, 'power_lacks': 0.17, 'verdict': 'has', 'precision_mm': 0.0}} 0.1s
phillipsL ctx B A1:treble:2636-2685 (bar 6–6)                    {'treble': {'rows': 3, 'gain': -1.224, 'critical_has': 2.168, 'critical_lacks': -1.419, 'power_has': 0.27, 'power_lacks': 0.53, 'verdict': 'undecided', 'precision_mm': 11.1}} 0.1s
phillipsL ctx B A1:treble:2864-2873 (bar 7–7)                    {'treble': {'rows': 3, 'gain': 0.575, 'critical_has': 0.944, 'critical_lacks': -0.909, 'power_has': 0.15, 'power_lacks': 0.1, 'verdict': 'undecided', 'precision_mm': '>= 30'}} 0.1s
phillipsL ctx B A1:treble:4561-4645 (bar 6′–6′)                  {'treble': {'rows': 4, 'gain': -0.305, 'critical_has': 1.918, 'critical_lacks': -0.874, 'power_has': 0.12, 'power_lacks': 0.4, 'verdict': 'undecided', 'precision_mm': '>= 32'}} 0.1s
phillipsL ctx B A1:treble:5547-5589 (bar 9–10)                   {'treble': {'rows': 9, 'gain': -14.182, 'critical_has': 0.148, 'critical_lacks': 0.831, 'power_has': 0.97, 'power_lacks': 0.95, 'verdict': 'lacks', 'precision_mm': 'best at -18 mm'}} 0.1s
phillipsL ctx B A1:treble:5868-5892 (bar 11–11)                  {'treble': {'rows': 0, 'gain': 0.0, 'design': "group changes no row of this file's model", 'verdict': 'no rows', 'precision_mm': '>= 32'}} 0.1s
phillipsL ctx B A1:treble:6216-6458 (bar 12–13)                  {'treble': {'rows': 0, 'gain': 0.0, 'design': "group changes no row of this file's model", 'verdict': 'no rows', 'precision_mm': 'best at -31 mm'}} 0.1s
phillipsL ctx B A1:treble:7524-7568 (bar 18–18)                  {'treble': {'rows': 0, 'gain': 0.0, 'design': "group changes no row of this file's model", 'verdict': 'no rows', 'precision_mm': 'best at -18 mm'}} 0.1s
phillipsL ctx B A1:treble:7993-7993 (bar 19–19)                  {'treble': {'rows': 0, 'gain': 0.0, 'design': "group changes no row of this file's model", 'verdict': 'no rows', 'precision_mm': 'best at -32 mm'}} 0.1s
phillipsL ctx B A1:treble:8449-8550 (bar 21–22)                  {'treble': {'rows': 4, 'gain': -6.266, 'critical_has': 2.907, 'critical_lacks': -1.941, 'power_has': 0.38, 'power_lacks': 0.57, 'verdict': 'lacks', 'precision_mm': 'best at +32 mm'}} 0.1s
phillipsL ctx B A1:treble:9085-9085 (bar 23–23)                  {'treble': {'rows': 1, 'gain': -0.313, 'critical_has': 0.908, 'critical_lacks': -0.686, 'power_has': 0.05, 'power_lacks': 0.1, 'verdict': 'undecided', 'precision_mm': 'best at -32 mm'}} 0.1s
phillipsL ctx B A1:treble:10060-10060 (bar 24–24)                {'treble': {'rows': 0, 'gain': 0.0, 'design': "group changes no row of this file's model", 'verdict': 'no rows', 'precision_mm': None}} 0.1s
phillipsL ctx B D1:bass:1145-1243 (bar upbeat–upbeat)            {'bass': {'rows': 0, 'gain': 0.0, 'design': "group changes no row of this file's model", 'verdict': 'no rows', 'precision_mm': None}} 0.1s
phillipsL ctx B D1:soft:6338-6338 (bar 13–13)                    {'bass': {'rows': 0, 'gain': 0.0, 'design': "group changes no row of this file's model", 'verdict': 'no rows', 'precision_mm': None}, 'treble': {'rows': 0, 'gain': 0.0, 'design': "group changes no row of this file's model", 'verdict': 'no rows', 'precision_mm': None}} 0.0s
phillipsL ctx C B:bass:1483-1609 (bar 1–1)                       {'bass': {'rows': 0, 'gain': 0.0, 'design': "group changes no row of this file's model", 'verdict': 'no rows', 'precision_mm': '>= 31'}} 0.1s
phillipsL ctx C B:bass:2136-2568 (bar 3–5)                       {'bass': {'rows': 6, 'gain': 2.534, 'critical_has': 2.165, 'critical_lacks': -1.057, 'power_has': 0.38, 'power_lacks': 0.68, 'verdict': 'has', 'precision_mm': 6.7}} 0.1s
phillipsL ctx C B:bass:3361-3547 (bar 8–1′)                      {'bass': {'rows': 4, 'gain': 2.725, 'critical_has': 3.321, 'critical_lacks': -0.496, 'power_has': 0.33, 'power_lacks': 0.8, 'verdict': 'undecided', 'precision_mm': 12.8}} 0.1s
phillipsL ctx C B:bass:3806-3806 (bar 2′–2′)                     {'bass': {'rows': 1, 'gain': 0.847, 'critical_has': 0.912, 'critical_lacks': -0.348, 'power_has': 0.05, 'power_lacks': 0.47, 'verdict': 'undecided', 'precision_mm': 'best at -18 mm'}} 0.1s
phillipsL ctx C B:bass:4047-4483 (bar 3′–5′)                     {'bass': {'rows': 10, 'gain': 7.198, 'critical_has': 1.545, 'critical_lacks': -2.103, 'power_has': 0.77, 'power_lacks': 0.62, 'verdict': 'has', 'precision_mm': 6.9}} 0.1s
phillipsL ctx C B:bass:4814-4909 (bar 6′–7′)                     {'bass': {'rows': 4, 'gain': 1.746, 'critical_has': 1.146, 'critical_lacks': -1.053, 'power_has': 0.22, 'power_lacks': 0.28, 'verdict': 'has', 'precision_mm': '>= 31'}} 0.1s
phillipsL ctx C B:bass:5341-5878 (bar 8′–11)                     {'bass': {'rows': 14, 'gain': 22.376, 'critical_has': -6.581, 'critical_lacks': 9.485, 'power_has': 1.0, 'power_lacks': 1.0, 'verdict': 'has', 'precision_mm': 3.4}} 0.1s
phillipsL ctx C B:bass:6079-6234 (bar 12–13)                     {'bass': {'rows': 4, 'gain': 11.19, 'critical_has': -0.478, 'critical_lacks': -0.045, 'power_has': 0.95, 'power_lacks': 0.95, 'verdict': 'has', 'precision_mm': 1.1}} 0.1s
phillipsL ctx C B:bass:7256-7396 (bar 16–17)                     {'bass': {'rows': 0, 'gain': 0.0, 'design': "group changes no row of this file's model", 'verdict': 'no rows', 'precision_mm': 'best at -18 mm'}} 0.1s
phillipsL ctx C B:bass:7939-8425 (bar 19–21)                     {'bass': {'rows': 11, 'gain': -9.538, 'critical_has': 0.642, 'critical_lacks': -0.574, 'power_has': 0.85, 'power_lacks': 0.9, 'verdict': 'lacks', 'precision_mm': 8.0}} 0.1s
phillipsL ctx C B:bass:8553-8568 (bar 22–22)                     {'bass': {'rows': 2, 'gain': 0.901, 'critical_has': 0.961, 'critical_lacks': -0.543, 'power_has': 0.23, 'power_lacks': 0.45, 'verdict': 'undecided', 'precision_mm': '>= 31'}} 0.1s
phillipsL ctx C B:bass:9198-9210 (bar 23–23)                     {'bass': {'rows': 2, 'gain': 0.142, 'critical_has': 0.557, 'critical_lacks': -0.572, 'power_has': 0.08, 'power_lacks': 0.0, 'verdict': 'undecided', 'precision_mm': '>= 32'}} 0.1s
phillipsL ctx C B:bass:9420-9673 (bar 24–24)                     {'bass': {'rows': 6, 'gain': 1.876, 'critical_has': 1.612, 'critical_lacks': -2.559, 'power_has': 0.4, 'power_lacks': 0.33, 'verdict': 'has', 'precision_mm': '>= 32'}} 0.1s
phillipsL ctx C B:soft:5316-5316 (bar 8′–8′)                     {'bass': {'rows': 13, 'gain': 0.0, 'critical_has': 2.465, 'critical_lacks': -0.042, 'power_has': 0.38, 'power_lacks': 0.45, 'verdict': 'undecided', 'precision_mm': 'best at +18 mm'}, 'treble': {'rows': 12, 'gain': 1.651, 'critical_has': 1.236, 'critical_lacks': 0.054, 'power_has': 0.75, 'power_lacks': 0.8, 'verdict': 'has', 'precision_mm': 'best at -31 mm'}} 0.9s
phillipsL ctx C B:soft:5771-5771 (bar 10–10)                     {'bass': {'rows': 20, 'gain': -0.754, 'critical_has': 0.021, 'critical_lacks': -2.466, 'power_has': 0.62, 'power_lacks': 0.53, 'verdict': 'undecided', 'precision_mm': '>= 31'}, 'treble': {'rows': 8, 'gain': 0.0, 'critical_has': 0.006, 'critical_lacks': -1.237, 'power_has': 0.53, 'power_lacks': 0.45, 'verdict': 'undecided', 'precision_mm': 'best at -31 mm'}} 0.9s
phillipsL ctx C B:treble:1709-1759 (bar 2–2)                     {'treble': {'rows': 11, 'gain': -1.787, 'critical_has': 2.495, 'critical_lacks': -0.845, 'power_has': 0.82, 'power_lacks': 0.87, 'verdict': 'lacks', 'precision_mm': 'best at -18 mm'}} 0.1s
phillipsL ctx C B:treble:1932-2163 (bar 2–3)                     {'treble': {'rows': 12, 'gain': 1.73, 'critical_has': 1.658, 'critical_lacks': -1.762, 'power_has': 0.22, 'power_lacks': 0.27, 'verdict': 'has', 'precision_mm': 'best at -30 mm'}} 0.1s
phillipsL ctx C B:treble:2569-2678 (bar 5–6)                     {'treble': {'rows': 6, 'gain': 3.527, 'critical_has': 1.775, 'critical_lacks': -1.517, 'power_has': 0.22, 'power_lacks': 0.43, 'verdict': 'has', 'precision_mm': 'best at +17 mm'}} 0.1s
phillipsL ctx C B:treble:3926-4074 (bar 3′–3′)                   {'treble': {'rows': 4, 'gain': -0.004, 'critical_has': 1.355, 'critical_lacks': -0.906, 'power_has': 0.07, 'power_lacks': 0.12, 'verdict': 'undecided', 'precision_mm': 'best at -31 mm'}} 0.1s
phillipsL ctx C B:treble:4580-4603 (bar 6′–6′)                   {'treble': {'rows': 1, 'gain': 0.064, 'critical_has': 0.347, 'critical_lacks': -0.212, 'power_has': 0.12, 'power_lacks': 0.18, 'verdict': 'undecided', 'precision_mm': '>= 32'}} 0.1s
phillipsL ctx C B:treble:5535-5979 (bar 9–11)                    {'treble': {'rows': 10, 'gain': 2.647, 'critical_has': 2.012, 'critical_lacks': -1.417, 'power_has': 0.3, 'power_lacks': 0.57, 'verdict': 'has', 'precision_mm': 2.2}} 0.1s
phillipsL ctx C B:treble:6182-6182 (bar 12–12)                   {'treble': {'rows': 2, 'gain': 1.076, 'critical_has': 1.746, 'critical_lacks': -1.613, 'power_has': 0.27, 'power_lacks': 0.27, 'verdict': 'undecided', 'precision_mm': '>= 32'}} 0.1s
phillipsL ctx C B:treble:6339-6503 (bar 13–14)                   {'treble': {'rows': 10, 'gain': 2.724, 'critical_has': 1.355, 'critical_lacks': -1.486, 'power_has': 0.77, 'power_lacks': 0.68, 'verdict': 'has', 'precision_mm': '>= 32'}} 0.1s
phillipsL ctx C B:treble:7431-7686 (bar 17–18)                   {'treble': {'rows': 21, 'gain': 25.865, 'critical_has': -6.073, 'critical_lacks': 1.061, 'power_has': 1.0, 'power_lacks': 1.0, 'verdict': 'has', 'precision_mm': 'best at -31 mm'}} 0.1s
phillipsL ctx C B:treble:7952-8020 (bar 19–20)                   {'treble': {'rows': 7, 'gain': -1.731, 'critical_has': 0.94, 'critical_lacks': -1.551, 'power_has': 0.78, 'power_lacks': 0.68, 'verdict': 'lacks', 'precision_mm': '>= 32'}} 0.1s
phillipsL ctx C B:treble:8438-8498 (bar 21–21)                   {'treble': {'rows': 5, 'gain': 2.047, 'critical_has': 1.569, 'critical_lacks': -1.494, 'power_has': 0.33, 'power_lacks': 0.33, 'verdict': 'has', 'precision_mm': 16.1}} 0.1s
phillipsL ctx C B:treble:8753-9054 (bar 22–23)                   {'treble': {'rows': 4, 'gain': 0.217, 'critical_has': 0.854, 'critical_lacks': -0.653, 'power_has': 0.05, 'power_lacks': 0.15, 'verdict': 'undecided', 'precision_mm': 'best at +32 mm'}} 0.1s
phillipsL ctx C B:treble:9213-9222 (bar 23–23)                   {'treble': {'rows': 1, 'gain': -0.171, 'critical_has': 0.346, 'critical_lacks': -0.221, 'power_has': 0.03, 'power_lacks': 0.12, 'verdict': 'undecided', 'precision_mm': 'best at -32 mm'}} 0.1s
phillipsL ctx C C:bass:1433-1473 (bar upbeat–Auftakt)            {'bass': {'rows': 1, 'gain': -0.38, 'critical_has': 0.632, 'critical_lacks': -0.299, 'power_has': 0.08, 'power_lacks': 0.18, 'verdict': 'lacks', 'precision_mm': '>= 30'}} 0.1s
phillipsL ctx C C:bass:1875-2077 (bar 2–3)                       {'bass': {'rows': 7, 'gain': -1.153, 'critical_has': 2.045, 'critical_lacks': -1.405, 'power_has': 0.33, 'power_lacks': 0.4, 'verdict': 'undecided', 'precision_mm': '>= 30'}} 0.1s
phillipsL ctx C C:bass:2231-2475 (bar 4–5)                       {'bass': {'rows': 5, 'gain': 6.276, 'critical_has': 1.892, 'critical_lacks': -0.938, 'power_has': 0.1, 'power_lacks': 0.42, 'verdict': 'has', 'precision_mm': 0.0}} 0.1s
phillipsL ctx C C:bass:2659-2671 (bar 6–6)                       {'bass': {'rows': 2, 'gain': -0.184, 'critical_has': 0.55, 'critical_lacks': -0.516, 'power_has': 0.2, 'power_lacks': 0.13, 'verdict': 'undecided', 'precision_mm': '>= 31'}} 0.1s
phillipsL ctx C C:bass:2853-3109 (bar 6–8)                       {'bass': {'rows': 8, 'gain': -0.536, 'critical_has': 1.649, 'critical_lacks': -1.379, 'power_has': 0.15, 'power_lacks': 0.18, 'verdict': 'undecided', 'precision_mm': '>= 30'}} 0.1s
phillipsL ctx C C:bass:3252-3263 (bar 8–8)                       {'bass': {'rows': 2, 'gain': -0.237, 'critical_has': 0.814, 'critical_lacks': -0.575, 'power_has': 0.18, 'power_lacks': 0.3, 'verdict': 'undecided', 'precision_mm': 'best at +17 mm'}} 0.1s
phillipsL ctx C C:bass:3863-3938 (bar 2′–3′)                     {'bass': {'rows': 4, 'gain': -0.572, 'critical_has': 2.286, 'critical_lacks': -1.455, 'power_has': 0.1, 'power_lacks': 0.22, 'verdict': 'undecided', 'precision_mm': '>= 31'}} 0.1s
phillipsL ctx C C:bass:4281-4286 (bar 4′–4′)                     {'bass': {'rows': 1, 'gain': 4.262, 'critical_has': 0.955, 'critical_lacks': -0.384, 'power_has': 0.32, 'power_lacks': 0.73, 'verdict': 'has', 'precision_mm': 1.1}} 0.1s
phillipsL ctx C C:bass:5036-5175 (bar 7′–8′)                     {'bass': {'rows': 3, 'gain': -0.069, 'critical_has': 1.158, 'critical_lacks': -0.423, 'power_has': 0.08, 'power_lacks': 0.55, 'verdict': 'undecided', 'precision_mm': '>= 31'}} 0.1s
phillipsL ctx C C:bass:6475-7227 (bar 14–16)                     {'bass': {'rows': 14, 'gain': -14.323, 'critical_has': -1.233, 'critical_lacks': -0.831, 'power_has': 0.95, 'power_lacks': 0.95, 'verdict': 'lacks', 'precision_mm': 'best at -32 mm'}} 0.1s
phillipsL ctx C C:bass:7672-7880 (bar 18–19)                     {'bass': {'rows': 7, 'gain': -0.617, 'critical_has': 0.686, 'critical_lacks': -1.137, 'power_has': 0.35, 'power_lacks': 0.28, 'verdict': 'undecided', 'precision_mm': '>= 32'}} 0.1s
phillipsL ctx C C:bass:8210-8216 (bar 20–20)                     {'bass': {'rows': 1, 'gain': -1.988, 'critical_has': -0.337, 'critical_lacks': -0.126, 'power_has': 0.97, 'power_lacks': 0.95, 'verdict': 'lacks', 'precision_mm': 0.0}} 0.1s
phillipsL ctx C C:bass:8867-9156 (bar 22–23)                     {'bass': {'rows': 10, 'gain': -1.183, 'critical_has': 1.679, 'critical_lacks': -2.145, 'power_has': 0.32, 'power_lacks': 0.13, 'verdict': 'undecided', 'precision_mm': 'best at +18 mm'}} 0.1s
phillipsL ctx C C:treble:1691-8037 (bar 2–20)                    {'treble': {'rows': 0, 'gain': 0.0, 'design': "group changes no row of this file's model", 'verdict': 'no rows', 'precision_mm': None}} 0.0s
phillipsL ctx C C:treble:2776-2892 (bar 6–7)                     {'treble': {'rows': 1, 'gain': 0.296, 'critical_has': 0.176, 'critical_lacks': -0.177, 'power_has': 0.18, 'power_lacks': 0.13, 'verdict': 'has', 'precision_mm': '>= 30'}} 0.1s
phillipsL ctx C C:treble:3062-3076 (bar 7–7)                     {'treble': {'rows': 2, 'gain': -0.095, 'critical_has': 0.447, 'critical_lacks': -0.471, 'power_has': 0.15, 'power_lacks': 0.15, 'verdict': 'undecided', 'precision_mm': '>= 30'}} 0.1s
phillipsL ctx C C:treble:3252-3270 (bar 8–8)                     {'treble': {'rows': 2, 'gain': -0.397, 'critical_has': 0.644, 'critical_lacks': -0.549, 'power_has': 0.03, 'power_lacks': 0.02, 'verdict': 'undecided', 'precision_mm': 'best at +17 mm'}} 0.1s
phillipsL ctx C C:treble:3865-3888 (bar 2′–3′)                   {'treble': {'rows': 1, 'gain': -0.356, 'critical_has': 0.807, 'critical_lacks': -0.662, 'power_has': 0.08, 'power_lacks': 0.1, 'verdict': 'undecided', 'precision_mm': 'best at +18 mm'}} 0.1s
phillipsL ctx C C:treble:4816-5253 (bar 6′–8′)                   {'treble': {'rows': 8, 'gain': -0.517, 'critical_has': 1.192, 'critical_lacks': -1.055, 'power_has': 0.27, 'power_lacks': 0.2, 'verdict': 'undecided', 'precision_mm': 'best at +31 mm'}} 0.1s
phillipsL ctx C C:treble:5605-5605 (bar 10–10)                   {'treble': {'rows': 4, 'gain': 0.525, 'critical_has': 0.699, 'critical_lacks': -0.729, 'power_has': 0.23, 'power_lacks': 0.2, 'verdict': 'undecided', 'precision_mm': 'best at -18 mm'}} 0.1s
phillipsL ctx C C:treble:6608-7072 (bar 14–16)                   {'treble': {'rows': 10, 'gain': -0.665, 'critical_has': 0.997, 'critical_lacks': -0.824, 'power_has': 0.2, 'power_lacks': 0.27, 'verdict': 'undecided', 'precision_mm': '>= 32'}} 0.1s
phillipsL ctx C C:treble:7739-7843 (bar 18–19)                   {'treble': {'rows': 4, 'gain': -0.649, 'critical_has': 0.637, 'critical_lacks': -0.614, 'power_has': 0.05, 'power_lacks': 0.1, 'verdict': 'lacks', 'precision_mm': 'best at +32 mm'}} 0.1s
phillipsL ctx C C:treble:8534-8605 (bar 22–22)                   {'treble': {'rows': 2, 'gain': -0.004, 'critical_has': 0.56, 'critical_lacks': -0.329, 'power_has': 0.08, 'power_lacks': 0.23, 'verdict': 'undecided', 'precision_mm': 'best at +31 mm'}} 0.1s
phillipsL ctx C C:treble:8953-8968 (bar 23–23)                   {'treble': {'rows': 1, 'gain': -0.171, 'critical_has': 0.555, 'critical_lacks': -0.423, 'power_has': 0.03, 'power_lacks': 0.08, 'verdict': 'undecided', 'precision_mm': 'best at +32 mm'}} 0.1s
phillipsL ctx C C:treble:9151-9163 (bar 23–23)                   {'treble': {'rows': 1, 'gain': -0.277, 'critical_has': 0.37, 'critical_lacks': -0.423, 'power_has': 0.08, 'power_lacks': 0.02, 'verdict': 'undecided', 'precision_mm': 'best at -30 mm'}} 0.2s
phillipsL ctx C B1:bass:1419-1438 (bar upbeat–upbeat)            {'bass': {'rows': 0, 'gain': 0.0, 'design': "group changes no row of this file's model", 'verdict': 'no rows', 'precision_mm': '>= 30'}} 0.1s
phillipsL ctx C B1:bass:7365-7365 (bar 17–17)                    {'bass': {'rows': 0, 'gain': 0.0, 'design': "group changes no row of this file's model", 'verdict': 'no rows', 'precision_mm': 'best at -32 mm'}} 0.1s
phillipsL ctx C A1:bass:1737-1753 (bar 2–2)                      {'bass': {'rows': 2, 'gain': -0.132, 'critical_has': 0.895, 'critical_lacks': -0.334, 'power_has': 0.12, 'power_lacks': 0.42, 'verdict': 'undecided', 'precision_mm': '>= 31'}} 0.1s
phillipsL ctx C A1:bass:2149-2275 (bar 3–4)                      {'bass': {'rows': 3, 'gain': 0.915, 'critical_has': 0.908, 'critical_lacks': -2.356, 'power_has': 0.4, 'power_lacks': 0.22, 'verdict': 'has', 'precision_mm': 9.2}} 0.1s
phillipsL ctx C A1:bass:3796-3796 (bar 2′–2′)                    {'bass': {'rows': 2, 'gain': 0.317, 'critical_has': 0.966, 'critical_lacks': -0.788, 'power_has': 0.07, 'power_lacks': 0.07, 'verdict': 'undecided', 'precision_mm': '>= 31'}} 0.1s
phillipsL ctx C A1:bass:4056-4067 (bar 3′–3′)                    {'bass': {'rows': 3, 'gain': -4.894, 'critical_has': 1.752, 'critical_lacks': -1.071, 'power_has': 0.72, 'power_lacks': 0.83, 'verdict': 'lacks', 'precision_mm': 'best at +32 mm'}} 0.1s
phillipsL ctx C A1:bass:5363-5583 (bar 8′–9)                     {'bass': {'rows': 6, 'gain': -1.562, 'critical_has': 2.619, 'critical_lacks': -1.32, 'power_has': 0.75, 'power_lacks': 0.82, 'verdict': 'lacks', 'precision_mm': 'best at -31 mm'}} 0.1s
phillipsL ctx C A1:bass:7924-8040 (bar 19–20)                    {'bass': {'rows': 12, 'gain': -11.277, 'critical_has': 1.208, 'critical_lacks': 1.462, 'power_has': 0.95, 'power_lacks': 0.95, 'verdict': 'lacks', 'precision_mm': 'best at +32 mm'}} 0.1s
phillipsL ctx C A1:bass:8543-8628 (bar 22–22)                    {'bass': {'rows': 3, 'gain': 0.231, 'critical_has': 1.258, 'critical_lacks': -0.701, 'power_has': 0.13, 'power_lacks': 0.32, 'verdict': 'undecided', 'precision_mm': '>= 31'}} 0.1s
phillipsL ctx C A1:soft:5507-5667 (bar 9–10)                     {'bass': {'rows': 2, 'gain': -0.374, 'critical_has': 0.062, 'critical_lacks': -1.25, 'power_has': 0.4, 'power_lacks': 0.18, 'verdict': 'undecided', 'precision_mm': 'best at +32 mm'}, 'treble': {'rows': 4, 'gain': 0.0, 'critical_has': 0.523, 'critical_lacks': -0.651, 'power_has': 0.25, 'power_lacks': 0.52, 'verdict': 'undecided', 'precision_mm': '>= 32'}} 0.9s
phillipsL ctx C A1:soft:6250-6250 (bar 13–13)                    {'bass': {'rows': 2, 'gain': 0.0, 'critical_has': 0.048, 'critical_lacks': -1.883, 'power_has': 0.0, 'power_lacks': 0.15, 'verdict': 'undecided', 'precision_mm': 'best at -18 mm'}, 'treble': {'rows': 1, 'gain': 0.1, 'critical_has': 0.069, 'critical_lacks': -1.321, 'power_has': 0.22, 'power_lacks': 0.17, 'verdict': 'has', 'precision_mm': '>= 31'}} 0.9s
phillipsL ctx C A1:treble:1964-2112 (bar 3–3)                    {'treble': {'rows': 6, 'gain': 2.414, 'critical_has': 1.385, 'critical_lacks': -0.86, 'power_has': 0.28, 'power_lacks': 0.45, 'verdict': 'has', 'precision_mm': 8.5}} 0.1s
phillipsL ctx C A1:treble:2636-2685 (bar 6–6)                    {'treble': {'rows': 3, 'gain': -0.34, 'critical_has': 0.663, 'critical_lacks': -1.043, 'power_has': 0.35, 'power_lacks': 0.37, 'verdict': 'undecided', 'precision_mm': 'best at +31 mm'}} 0.1s
phillipsL ctx C A1:treble:2864-2873 (bar 7–7)                    {'treble': {'rows': 10, 'gain': -4.288, 'critical_has': 2.962, 'critical_lacks': 0.009, 'power_has': 0.65, 'power_lacks': 0.85, 'verdict': 'lacks', 'precision_mm': 'best at -30 mm'}} 0.1s
phillipsL ctx C A1:treble:4561-4645 (bar 6′–6′)                  {'treble': {'rows': 4, 'gain': 0.153, 'critical_has': 0.751, 'critical_lacks': -1.368, 'power_has': 0.33, 'power_lacks': 0.15, 'verdict': 'undecided', 'precision_mm': '>= 32'}} 0.1s
phillipsL ctx C A1:treble:5547-5589 (bar 9–10)                   {'treble': {'rows': 2, 'gain': 0.217, 'critical_has': 0.86, 'critical_lacks': -0.515, 'power_has': 0.08, 'power_lacks': 0.22, 'verdict': 'undecided', 'precision_mm': '>= 31'}} 0.1s
phillipsL ctx C A1:treble:5868-5892 (bar 11–11)                  {'treble': {'rows': 0, 'gain': 0.0, 'design': "group changes no row of this file's model", 'verdict': 'no rows', 'precision_mm': '>= 32'}} 0.1s
phillipsL ctx C A1:treble:6216-6458 (bar 12–13)                  {'treble': {'rows': 0, 'gain': 0.0, 'design': "group changes no row of this file's model", 'verdict': 'no rows', 'precision_mm': '>= 31'}} 0.1s
phillipsL ctx C A1:treble:7524-7568 (bar 18–18)                  {'treble': {'rows': 0, 'gain': 0.0, 'design': "group changes no row of this file's model", 'verdict': 'no rows', 'precision_mm': 'best at +18 mm'}} 0.1s
phillipsL ctx C A1:treble:7993-7993 (bar 19–19)                  {'treble': {'rows': 0, 'gain': 0.0, 'design': "group changes no row of this file's model", 'verdict': 'no rows', 'precision_mm': 'best at -32 mm'}} 0.1s
phillipsL ctx C A1:treble:8449-8550 (bar 21–22)                  {'treble': {'rows': 4, 'gain': -6.463, 'critical_has': 2.806, 'critical_lacks': -1.696, 'power_has': 0.38, 'power_lacks': 0.58, 'verdict': 'lacks', 'precision_mm': 'best at -18 mm'}} 0.1s
phillipsL ctx C A1:treble:9085-9085 (bar 23–23)                  {'treble': {'rows': 1, 'gain': -0.249, 'critical_has': 0.819, 'critical_lacks': -0.505, 'power_has': 0.07, 'power_lacks': 0.18, 'verdict': 'undecided', 'precision_mm': 'best at -32 mm'}} 0.1s
phillipsL ctx C A1:treble:10060-10060 (bar 24–24)                {'treble': {'rows': 0, 'gain': 0.0, 'design': "group changes no row of this file's model", 'verdict': 'no rows', 'precision_mm': None}} 0.1s
phillipsL ctx C D1:bass:1145-1243 (bar upbeat–upbeat)            {'bass': {'rows': 0, 'gain': 0.0, 'design': "group changes no row of this file's model", 'verdict': 'no rows', 'precision_mm': None}} 0.1s
phillipsL ctx C D1:soft:6338-6338 (bar 13–13)                    {'bass': {'rows': 0, 'gain': 0.0, 'design': "group changes no row of this file's model", 'verdict': 'no rows', 'precision_mm': None}, 'treble': {'rows': 0, 'gain': 0.0, 'design': "group changes no row of this file's model", 'verdict': 'no rows', 'precision_mm': None}} 0.0s
wrote ablation_both.json
